id,date,author,author_url,post_url,likes,language,prompt_source,prompt,images
2099481521983995971,2026-09-14T20:52:55+08:00,DeepBlueX0,https://x.com/DeepBlueX0,https://x.com/DeepBlueX0/status/2099481521983995971,2668,zh,post,竖版3×3失败照片× ｛角色｝,images/2099481521983995971_0.jpg | images/2099481521983995971_1.jpg | images/2099481521983995971_2.jpg
2097539942985728162,2026-09-09T12:17:47+08:00,Mayz1169,https://x.com/Mayz1169,https://x.com/Mayz1169/status/2097539942985728162,1559,en,reply,"Here's my prompt:

Using the character reference image I upload, create a pixel-art battle animation. Deliver a transparent animated GIF and a 4×4 sprite sheet containing 16 sequential frames.

CHARACTER FIDELITY
Identify the character’s hairstyle, outfit, colors, weapon, proportions, and distinctive features. Translate them into a recognizable chibi pixel-art sprite. Keep the character’s identity, scale, clothing, and equipment consistent across all frames.

BATTLE DESIGN
Automatically design an attack that suits the character:
- If they carry a weapon, build the animation around it.
- If their abilities are clearly identifiable, use the appropriate effects, such as water, fire, or lightning.
- If their abilities are unclear, create a plausible physical attack based on their appearance. Do not invent unrelated powers.

Proceed without asking preliminary questions. Create one coherent battle loop:
Ready stance → Anticipation → Attack → Impact peak → Effects dissipate → Recovery.

Distribute the sequence naturally across 16 frames. The final frame must transition smoothly into the first. Animate actual changes in pose and body mechanics; do not fake movement by merely translating or rotating a static character image.

PIXEL-ART STYLE
Use crisp 16-bit game-style pixel art with readable silhouettes, sharp pixel edges, and a restrained palette. Maintain a consistent pixel scale for both the character and effects. Avoid blur, photorealistic rendering, and style drift.

SPRITE SHEET REQUIREMENTS
- Exactly 4 columns × 4 rows, totaling 16 frames.
- Frames play left to right, then top to bottom.
- All cells must have identical dimensions.
- Use a fixed camera, consistent character scale, a stable ground baseline, and consistent animation registration.
- Each cell contains exactly one character.
- Keep the entire body, weapon, and effects inside its cell.
- Leave sufficient transparent padding on every side. Nothing may cross cell boundaries or be cropped.
- No text, frame numbers, grid lines, watermarks, or background scenery.

TRANSPARENCY AND ANIMATION
Generate a genuinely transparent RGBA PNG. Do not draw a checkerboard pattern to imitate transparency.

Slice the sheet into frames and assemble a transparent, infinitely looping GIF. Adjust frame durations to emphasize anticipation and fast strikes. Aim for a total loop duration of approximately 1.5–2 seconds.

Preserve full alpha transparency in the PNG files. Use a transparent palette index and correct frame disposal in the GIF to prevent trails from previous frames.

DELIVERABLES AND QUALITY CHECK
Create the actual files, not just prompts or instructions:
1. A transparent 4×4 PNG sprite sheet.
2. A playable transparent battle GIF.
3. A ZIP containing all 16 individual transparent PNG frames.

Before delivery, verify that there are exactly 16 frames, transparency is genuine, the character remains consistent, no neighboring frames bleed into the crops, the action plays in the correct order, and the loop has no obvious positional jumps. Fix any issues before presenting the GIF preview and download links.",images/2097539942985728162_0.jpg
2099684732950958440,2026-09-15T10:20:25+08:00,DeepBlueX0,https://x.com/DeepBlueX0,https://x.com/DeepBlueX0/status/2099684732950958440,664,zh,post,玛奇玛 ×广州游iPhone 相册截图×iOS 27,images/2099684732950958440_0.jpg
2097411028510179759,2026-09-09T03:45:31+08:00,mark_k,https://x.com/mark_k,https://x.com/mark_k/status/2097411028510179759,417,en,post,"""Photo of a clearing in the woods with lots of green foliage, highly detailed""",images/2097411028510179759_0.jpg
2103139749540339890,2026-09-24T23:09:25+08:00,Mayz1169,https://x.com/Mayz1169,https://x.com/Mayz1169/status/2103139749540339890,373,en,reply,"Here's my prompt:

Create a 4×4 dance pose sheet featuring the character in the uploaded reference image, with exactly 16 equally sized panels in one square image.

CHARACTER CONSISTENCY
Use the uploaded character as the sole reference for character identity and appearance. Preserve the character’s face, hairstyle, colors, body proportions, species, outfit, accessories, and original art style across all 16 panels. Do not redesign the character or add an idol costume. If any body or costume details are not visible in the reference, infer them conservatively and keep them consistent throughout.

ADAPTIVE CHOREOGRAPHY
Design a cohesive dance sequence tailored to this specific character’s personality, appearance, anatomy, clothing, and range of motion. Choose a suitable dance style automatically: lively for an energetic character, graceful for an elegant character, confident for a bold character, playful for a cute character, or restrained for a serious character. Do not force every character into cute idol poses.

Show 16 distinct key poses from the same dance routine, ordered from left to right and top to bottom. Make the sequence feel connected, with natural transitions and a clear beginning, build-up, climax, and ending.

Use the following movement structure, adapting each action to the character:

1. Opening pose that establishes the character’s personality.
2. Small rhythmic step with a coordinated arm gesture.
3. Side step with one arm extended.
4. Compact expressive gesture near the face or upper body.
5. Grounded stance with arms crossing or sweeping inward.
6. Knee lift or an anatomically appropriate weight shift.
7. Open, expansive pose with arms spread.
8. Playful or expressive balance pose.
9. Turning pose showing a three-quarter rear view.
10. Forward-reaching movement with a diagonal body lean.
11. Strong upward-reaching accent.
12. Climactic jump or a grounded full-body extension if jumping is unsuitable.
13. Lowered stance with a forward gesture.
14. Elegant or dynamic side-facing transition.
15. Signature gesture that suits the character.
16. Confident final pose with a clear finishing silhouette.

COMPOSITION AND PRESENTATION
Use a clean white background, thin grid lines, and small readable numbers 1–16 in the upper-left corner of each panel. Include exactly one full-body depiction of the same character per panel. Keep the character’s scale, camera distance, lighting, and rendering style consistent. Use a fixed camera while allowing the character to turn naturally.

Keep the entire character, including hair, ears, horns, wings, tail, hands, feet, and accessories, inside each panel with comfortable margins. Allow room for extended limbs and jumps. Add subtle ground shadows. Show natural secondary movement in hair, fabric, and accessories.

Every pose must have a clear silhouette, convincing balance, anatomically plausible joints, and expressive body language. Adapt all movements to nonhuman anatomy when applicable.

AVOID
Repeated or nearly identical poses, character identity drift, costume changes, inconsistent proportions, extra or missing limbs, malformed hands, cropped body parts, overlapping panels, additional characters, motion trails, background scenery, props not present in the reference, speech bubbles, captions, and watermarks.

Final output: one polished square image containing a clearly organized 4×4 grid of 16 distinct, character-appropriate dance poses.",images/2103139749540339890_0.jpg
2099417551411494936,2026-09-14T16:38:44+08:00,Diplomeme,https://x.com/Diplomeme,https://x.com/Diplomeme/status/2099417551411494936,286,en,reply,"Prompt : NIKE — “THE IMPOSSIBLE ROUTINE”
━━━━━━━━━━━━━━━━━━━━━━━━━━━━━━━━━━━━
PROMPT — NIKE “THE IMPOSSIBLE ROUTINE”
FORMAT
Ultra-Premium Nike Fashion × Sport SMM Promotional Poster
Vertical 4:5 Instagram Hero Creative
Global Sportswear Campaign
Contemporary Nike Advertising
Commercial Fashion Photography × Surrealist Art Direction
Agency-Level Art Direction
Behance Front Page Quality
8K UHD
Hyper-Realistic Surrealism × Performance × Graphic Design
High-Impact Visual Communication
Zero AI Slop
Zero Generic Sports Advertising
Zero Catalogue Aesthetic
Zero Generic Sneaker Advertisement
Zero Luxury-Copycat Aesthetic
━━━━━━━━━━━━━━━━━━━━━━━━━━━━━━━━━━━━
CORE STRATEGY
This is not simply a Nike product advertisement.
This is Nike turned into a surreal visual statement.
The campaign should communicate:
Discipline does not look normal.
Nike should feel:
fearless + kinetic + youthful + disruptive + athletic + culturally relevant + relentlessly ambitious
The visual language should combine:
Nike performance campaign × contemporary fashion editorial × surrealist photography × conceptual art × graphic poster design × digital-first social advertising
The surrealism must feel physically believable, not like random AI fantasy.
Every impossible element should communicate something about movement, discipline, repetition or athletic ambition.
The result should feel like a real global Nike campaign photographed inside an impossible world.
━━━━━━━━━━━━━━━━━━━━━━━━━━━━━━━━━━━━
CAMPAIGN IDEA
“THE IMPOSSIBLE ROUTINE”
Athletes repeat the same movements every day.
Run.
Jump.
Train.
Recover.
Repeat.
So what happens when the world itself begins repeating with them?
A running track loops vertically into the sky.
A staircase curves impossibly around the athlete.
Shoes leave physical trails of architecture behind every step.
The campaign visualizes the mindset:
THE ROUTINE IS IMPOSSIBLE.
THAT’S THE POINT.
Nike becomes the brand that makes impossible effort feel inevitable.
━━━━━━━━━━━━━━━━━━━━━━━━━━━━━━━━━━━━
MASTER VISUAL
Create one enormous surreal architectural environment.
A monumental red running track begins beneath the athlete’s feet and extends forward into the distance.
Instead of ending normally, the track rises vertically into the sky, bends at a mathematically impossible angle and returns behind the athlete, creating a continuous infinite loop.
The environment resembles:
Olympic training facility × brutalist architecture × surrealist dreamscape × Nike campaign set
The athlete stands at the exact visual center.
Around them, multiple versions of the same running track appear at different scales.
One track passes horizontally behind the subject.
Another rises vertically.
Another disappears into a gigantic architectural doorway.
Another curves overhead like a suspended ribbon.
The impossible geometry should still obey believable:
perspective + lighting + shadows + material physics.
No floating random objects.
No fantasy clouds.
No psychedelic effects.
The surrealism must be architectural, physical and intentional.
━━━━━━━━━━━━━━━━━━━━━━━━━━━━━━━━━━━━
HERO SUBJECT
Young female athlete.
Contemporary global athletic appearance.
Natural skin texture.
Realistic facial proportions.
Strong athletic physique.
Confident expression.
Minimal makeup.
Hair naturally affected by movement.
No influencer aesthetic.
No exaggerated bodybuilding.
No fashion-model stiffness.
She should look like a real Nike athlete photographed during an intense training session.
Direct eye contact with the camera.
Calm expression.
The world around her is impossible.
She remains completely composed.
That contrast creates the visual tension.
━━━━━━━━━━━━━━━━━━━━━━━━━━━━━━━━━━━━
HERO PRODUCT
Nike performance running shoe.
Contemporary aerodynamic silhouette.
Black / white base with a controlled Nike orange-red accent.
Highly realistic engineered mesh.
Visible stitching.
Realistic rubber outsole.
Subtle material variation.
Accurate proportions.
The Nike Swoosh clearly visible but naturally integrated into the footwear.
No oversized logo.
No fake product design.
No distorted branding.
The shoe must look like a real commercially manufactured Nike performance product.
━━━━━━━━━━━━━━━━━━━━━━━━━━━━━━━━━━━━
WARDROBE
Contemporary Nike performance styling.
Black fitted technical running top.
Relaxed lightweight performance shorts.
White technical socks.
Nike running shoes.
Subtle red-orange accent details.
Minimal accessories.
No excessive logos.
No futuristic costume.
No couture.
No unnecessary straps or technological gadgets.
The clothing should feel available, wearable and genuinely athletic, elevated through exceptional art direction.
Realistic fabric tension.
Visible technical textile construction.
Natural folds.
Sweat and subtle skin texture.
━━━━━━━━━━━━━━━━━━━━━━━━━━━━━━━━━━━━
POSE / MOVEMENT
Capture the athlete immediately after a sprint.
One foot planted aggressively.
The opposite leg slightly lifted.
Torso leaning forward.
One arm naturally pulled backward.
Other arm forward.
Hair and clothing reacting to momentum.
Tiny particles of track dust suspended in the air.
The athlete appears frozen for one fraction of a second.
Behind her, the impossible track continues moving through the environment.
The photograph should feel like a genuine action photograph captured at the exact right moment.
Not a fashion pose.
Not a CGI character standing still.
━━━━━━━━━━━━━━━━━━━━━━━━━━━━━━━━━━━━
COMPOSITION
VISUAL HIERARCHY
NIKE / SWOOSH
↓
IMPOSSIBLE ENVIRONMENT
↓
ATHLETE
↓
PRODUCT
↓
CAMPAIGN MESSAGE
↓
CTA
Use extreme negative space around selected areas.
The surreal architecture should frame the athlete rather than compete with her.
The eye should travel naturally:
typography → face → body → shoes → looping track → typography.
Create a visual loop.
The composition itself should behave like the campaign concept.
━━━━━━━━━━━━━━━━━━━━━━━━━━━━━━━━━━━━
NIKE COLOR SYSTEM
PRIMARY BLACK
#000000
Used for:
Typography
Athletic wardrobe
Architectural shadows
Graphic blocks
WHITE
#FFFFFF
Used for:
Negative space
Typography
Highlights
Technical details
NIKE-STYLE RED / ORANGE ACCENT
A highly saturated warm Nike campaign accent.
Used strategically for:
Running track
Graphic blocks
Small typography
Product detailing
Directional arrows
The accent color should function as a visual trigger, not dominate the entire poster.
━━━━━━━━━━━━━━━━━━━━━━━━━━━━━━━━━━━━
COLOR RATIO
55% white / warm architectural neutral
25% black
15% red-orange
5% natural skin / environmental tones
The image should remain recognizably Nike through the controlled black-white-red visual relationship without becoming a simple red-and-black advertisement.
━━━━━━━━━━━━━━━━━━━━━━━━━━━━━━━━━━━━
BACKGROUND
Create an enormous white brutalist athletic facility.
Monumental concrete walls.
Seamless white floor.
Massive geometric openings.
Hard architectural edges.
Large empty surfaces.
No recognizable city.
No stadium crowd.
No conventional gym.
No advertisements.
No distracting scenery.
The environment should feel like a Nike training facility that exists outside normal physics.
One massive red-orange running track cuts through the architecture.
━━━━━━━━━━━━━━━━━━━━━━━━━━━━━━━━━━━━
SURREALISM SYSTEM
The surrealism must follow one central rule:
MOVEMENT CHANGES ARCHITECTURE.
Where the athlete runs, the environment bends.
The track becomes a wall.
The wall becomes a staircase.
The staircase becomes another track.
The track becomes a circular loop.
The loop becomes the horizon.
Use subtle impossible geometry rather than random surreal objects.
Secondary surreal details:
* A shadow running in a slightly different direction than the athlete.
* Multiple identical starting lines extending into different architectural dimensions.
* A giant stopwatch embedded into the concrete wall.
* Floating lane numbers physically attached to architectural surfaces.
* Repeated track markings disappearing into infinity.
* A distant version of the athlete barely visible on another loop.
Every surreal element must have conceptual purpose.
━━━━━━━━━━━━━━━━━━━━━━━━━━━━━━━━━━━━
GRAPHIC DESIGN SYSTEM
Create a sophisticated contemporary sports-editorial grid.
Use:
bold condensed typography
thin technical rules
lane numbers
distance measurements
training codes
micro typography
cropped numerals
directional arrows
registration marks
small technical coordinates
vertical labels
red graphic blocks
The graphic system should feel inspired by:
Nike campaign design × sports science interface × contemporary editorial typography × athletic wayfinding.
Do not turn the poster into a UI.
The photography remains dominant.
━━━━━━━━━━━━━━━━━━━━━━━━━━━━━━━━━━━━
TYPOGRAPHY SYSTEM
PRIMARY HEADLINE
Massive bold condensed uppercase typography.
High-impact sports campaign character.
Extremely large scale.
Tight leading.
Minimal tracking.
Strong vertical presence.
The typography can be partially cropped beyond the canvas.
It should feel physically integrated into the architecture.
Some letters can appear printed directly onto the running track.
Others can exist as oversized architectural signage.
PRIMARY MESSAGE
THE IMPOSSIBLE ROUTINE
Stack the words vertically.
Make:
IMPOSSIBLE
the dominant word.
Allow the athlete to partially obscure the typography.
━━━━━━━━━━━━━━━━━━━━━━━━━━━━━━━━━━━━
TOP LEFT
Small Nike logo / Swoosh.
Clean placement.
Generous clear space.
No distortion.
No unnecessary effects.
Underneath:
RUNNING / TRAINING / 01
Very small technical typography.
━━━━━━━━━━━━━━━━━━━━━━━━━━━━━━━━━━━━
GIANT CENTER TYPOGRAPHY
Massive:
IMPOSSIBLE
running vertically through the composition.
Some letters disappear behind architectural structures.
Some extend outside the canvas.
The athlete interrupts the word.
The track physically intersects the typography.
The typography should feel like part of the environment rather than something placed over a photograph.
━━━━━━━━━━━━━━━━━━━━━━━━━━━━━━━━━━━━
CAMPAIGN TITLE
Lower-left:
THE ROUTINE
with:
IS IMPOSSIBLE.
The second line substantially larger.
Add a small red-orange underline.
━━━━━━━━━━━━━━━━━━━━━━━━━━━━━━━━━━━━
SUPPORTING COPY
RUN IT AGAIN.
Secondary line:
UNTIL IMPOSSIBLE FEELS NORMAL.
Keep the copy extremely concise.
No paragraph.
No generic motivational copy.
━━━━━━━━━━━━━━━━━━━━━━━━━━━━━━━━━━━━
PERFORMANCE INFORMATION
Small structured block:
NIKE RUNNING
01 / 04
DISTANCE — 10K
PACE — UNLIMITED
MINDSET — RELENTLESS
Use micro typography.
Make it feel like an authentic campaign production detail rather than fake technical data overload.
━━━━━━━━━━━━━━━━━━━━━━━━━━━━━━━━━━━━
PROMOTIONAL STRIP
Create a thin red-orange horizontal strip.
Inside:
NEW PERFORMANCE / RUNNING / TRAINING / NIKE ATHLETICS
White uppercase typography.
The strip should operate as part of the graphic grid.
Not a sale banner.
━━━━━━━━━━━━━━━━━━━━━━━━━━━━━━━━━━━━
CTA
Bottom-right:
RUN NOW →
Black rectangular button.
White uppercase typography.
Underneath:
Explore Nike Running
Compact.
Commercially clear.
━━━━━━━━━━━━━━━━━━━━━━━━━━━━━━━━━━━━
PRODUCT CALLOUT
Near the lower portion of the composition:
ENGINEERED FOR THE NEXT MILE
Small typography connected to the shoe through a thin technical line.
Do not create a traditional product specification panel.
The product remains part of the story.
━━━━━━━━━━━━━━━━━━━━━━━━━━━━━━━━━━━━
BOTTOM FEATURE STRIP
Thin black rule.
Then:
RUN / TRAIN / MOVE / RECOVER / REPEAT
Centered beneath.
Use small uppercase typography.
━━━━━━━━━━━━━━━━━━━━━━━━━━━━━━━━━━━━
VERTICAL EDGE TEXT
Right edge:
NIKE / RUNNING / 01
Rotated vertically.
Small.
Precise.
Technical.
━━━━━━━━━━━━━━━━━━━━━━━━━━━━━━━━━━━━
SIGNATURE SURREAL DEVICE
Create one enormous red-orange circular running track behind the athlete.
It forms an impossible vertical loop.
At the top of the loop:
01
At the bottom:
RUN IT AGAIN
The loop should appear physically constructed from real rubber running-track material.
Visible lane texture.
Subtle dirt.
Tiny imperfections.
Realistic edge wear.
Hard sunlight creating believable shadows.
This becomes the campaign’s visual signature.
━━━━━━━━━━━━━━━━━━━━━━━━━━━━━━━━━━━━
PHOTOGRAPHIC STYLE
High-energy contemporary Nike sports photography.
Dramatic contrast.
Frozen action.
Real physical momentum.
Natural athletic movement.
Sharp facial detail.
Visible pores.
Real sweat.
Real fabric texture.
Real shoe construction.
Subtle motion blur only where physically appropriate.
The image should feel captured by a professional sports photographer, not rendered by a 3D artist.
Surrealism comes from the environment, not from making the athlete look artificial.
━━━━━━━━━━━━━━━━━━━━━━━━━━━━━━━━━━━━
LIGHTING
Large directional sunlight entering from the upper-left.
Hard architectural shadows.
Bright white concrete.
Deep black clothing separation.
Rich red-orange track surfaces.
Natural skin exposure.
Subtle reflected light from the white environment.
No neon.
No colored fog.
No artificial rim lighting.
No excessive bloom.
No beauty-dish glamour.
No dreamy fashion haze.
The impossible environment must still obey a single coherent lighting system.
━━━━━━━━━━━━━━━━━━━━━━━━━━━━━━━━━━━━
CAMERA
ARRI Alexa Mini LF
50mm high-end sports/editorial lens
Slightly low camera position.
Full-body composition.
Fast shutter speed.
Extremely sharp athlete.
Moderate depth of field.
Natural perspective.
High dynamic range.
Realistic lens compression.
Subtle cinematic motion character.
Premium global sports campaign photography.
━━━━━━━━━━━━━━━━━━━━━━━━━━━━━━━━━━━━
POST-PRODUCTION
Contemporary global Nike campaign grading.
Clean whites.
Deep blacks.
Controlled saturated red-orange.
Natural skin tones.
High micro-contrast.
Visible textile texture.
Crisp architectural edges.
Subtle film grain.
Realistic photographic imperfections.
Controlled highlights.
No plastic skin.
No artificial HDR.
No teal-orange grading.
No excessive sharpening.
No fake CGI gloss.
No excessive grain.
No surreal color manipulation.
━━━━━━━━━━━━━━━━━━━━━━━━━━━━━━━━━━━━
BRAND SAFETY / CONSISTENCY
The final visual must immediately communicate Nike without depending entirely on the logo.
Brand recognition should come from:
athletic energy
performance culture
bold typography
black / white / red-orange visual language
movement
youthful confidence
graphic simplicity
conceptual advertising
cultural relevance
relentless ambition
Do not make it resemble:
ZARA’s restrained editorial minimalism.
Adidas’ traditional sports graphics.
Puma’s conventional performance advertising.
Under Armour’s dark tactical aesthetic.
New Balance’s retro-running identity.
Luxury fashion advertising.
Generic fitness advertising.
AI-generated surrealism.
The visual identity must remain Nike.
━━━━━━━━━━━━━━━━━━━━━━━━━━━━━━━━━━━━
FINAL FEEL
If:
Nike × a contemporary fashion magazine × a surrealist artist × an elite sports photographer × a world-class graphic design studio
created one campaign together—
the result should feel like THE IMPOSSIBLE ROUTINE.
Not a sneaker advertisement.
Not a motivational poster.
Not a conventional sports campaign.
Not random surrealism.
Not an AI fantasy image.
A high-impact Nike campaign where athletic movement literally bends reality.
Vertical 4:5 — 8K UHD — hyper-realistic — surreal architectural environment — dramatic action photography — black/white/red-orange palette — oversized condensed typography — precise editorial grid — realistic human anatomy — natural skin — detailed performance fabrics — physically believable surrealism — realistic Nike footwear — crisp readable typography — premium commercial photography — agency-level art direction — Instagram hero creative — Behance front-page quality — print-ready.",images/2099417551411494936_0.jpg | images/2099417551411494936_1.jpg | images/2099417551411494936_2.jpg | images/2099417551411494936_3.jpg
2101546096153797041,2026-09-20T13:36:48+08:00,MahnoorAi12,https://x.com/MahnoorAi12,https://x.com/MahnoorAi12/status/2101546096153797041,258,en,reply,"Please create a separate ""Rubber Stamp Travel Field Notes Poster"" for each photo I upload, outputting each photo individually without collage or multi-image combinations.

Overall, use a 4:3 landscape composition, dividing the frame into left and right regions, but without drawing an obvious dividing line.

The left side takes up about 58% of the frame, faithfully preserving the original photo. Accurately maintain the main subject identity, terrain, architecture, plants, people, spatial relationships, natural lighting and shadows, authentic textures, and the original color atmosphere; apply only restrained art publication-level photo color grading, and add extremely subtle, fine-grained film noise. For layout adaptation, natural cropping is allowed, but do not stretch, distort, shift, replace, or redraw the main subject.

The right side takes up about 42% of the frame, using a warm off-white aged paper as the background. The paper features subtle fibers, natural grain, light usage marks, and a matte texture, while preserving large areas of unprinted paper whitespace, making the blank space an essential part of the layout.

Analyze the original photo and extract the most location-distinctive subject outlines, architectural structures, terrain contours, plant forms, roads, shorelines, or other key visual relationships, compressing them into a small multi-color rubber stamp image.

Do not replicate every single element from the photo item by item. Retain only the minimal information necessary to instantly recognize the original location, subject, and scene relationships. Remove crowds, vehicles, dense windows, repetitive buildings, fragmented vegetation, decorative elements, and irrelevant backgrounds.

The stamp is positioned in the lower-middle of the right-side paper area, occupying only about 30%–38% of the right region's height, with ample whitespace preserved around it. The stamp must not be enlarged into a standard illustration, full landscape painting, or brand logo.

Determine the stamp's organization based on the original photo's composition:

- Iconic architecture: Retain the most distinctive outer contours, roofs, domes, arches, towers, or main structures.
- Mountain settlements: Compress buildings into a few terraced color blocks aligned along the terrain.
- Coastal scenery: Retain mountain contours, settlement layers, shorelines, and sparse intermittent water ripples.
- City panoramas: Retain the main skyline, one iconic building, and one or two layers of distant mountains.
- Natural landscapes: Retain primary mountain forms, trees, shorelines, or road orientations.
- Foreground occlusions: If narratively important in the original photo, retain as foreground stamp outlines.

Extract 2–4 spot inks from the original photo. Prioritize desaturated colors like carbon black, deep green, brick red, ochre yellow, slate blue, or taupe brown, but do not force a fixed palette. Preserve the most distinctive color character from the original photo, allowing only a small area of color for visual emphasis.

Render each color as a separately hand-stamped effect:

Authentic rubber stamp carving texture, hand-engraved marks, uneven line widths, contour notches, fractured edges, dry ink shortages, paper show-through, granular ink, uneven pressure, partial ghosting, and about 1–2 mm of subtle misregistration.

Allow natural misalignment between color layers; edges must not be digitally smoothed. The print should resemble a real carved stamp pressed onto aged paper, not a filtered photo, smooth vector illustration, or line-art logo.

Generate text based on the photo's location, theme, and visual imagery:

Location English name  
No. Number  
Three short English keywords  
Gregorian calendar year  

Place the text below or adjacent to the stamp in the whitespace, using a small, restrained, slightly mechanically imperfect typewriter font. The typography should evoke a traveler's field record, not an ad headline. Ensure all text is spelled accurately, without adding irrelevant slogans, brands, or decorative copy.

The overall vibe is like field notes kept by an architect, travel writer, or natural observer: quiet, restrained, tactilely real, regionally specific, with handmade imperfections and a collectible feel. The photo handles the on-site record; the stamp captures the most recognizable fragments of memory.

Avoid: Obvious central dividing lines, circular seals, Chinese red stamps, postage stamp perforations, wax seals, sticker collages, tourist souvenir templates, smooth vector logos, generic city icons, full replication of all architecture, dense detailing, childlike craftiness, cartoon style, 3D rendering, plastic textures, glossy digital gradients, oversaturation, excessive text, decorative clutter, and redrawing or altering the left-side original photo.",images/2101546096153797041_0.jpg | images/2101546096153797041_1.jpg | images/2101546096153797041_2.jpg | images/2101546096153797041_3.jpg
2100412893309362669,2026-09-17T10:33:52+08:00,Alina_with_Ai,https://x.com/Alina_with_Ai,https://x.com/Alina_with_Ai/status/2100412893309362669,254,en,reply,"Create an ultra-realistic cinematic portrait of a young woman standing against a warm beige textured wall, seamlessly interacting with a large hand-drawn black-and-white cartoon version of herself.
The real woman has long wavy dark auburn hair, natural facial features, soft realistic skin texture, and a calm slightly curious expression. She wears an oversized plain white T-shirt, loose beige cargo pants with multiple pockets, and chunky white sneakers. Full-body composition, relaxed standing pose, hands casually near her pockets.
Beside and slightly behind her, draw a large expressive hand-drawn cartoon character of the same woman, sketched directly onto the wall with rough black ink lines. The cartoon has messy long hair, oversized expressive eyes, a playful confused expression, casual oversized clothing, baggy pants and sneakers. The cartoon character should appear to be interacting with the real woman, with one arm extended outward and the other raised in a playful gesture.
Create a convincing 2D drawing + 3D real-person fusion, where the cartoon is visibly drawn on the wall but feels naturally integrated into the physical environment. Add subtle wall shadows, realistic ambient lighting, natural contact shadows, detailed fabric texture, realistic hair strands, slight imperfections in the wall and floor, and cinematic depth.
Style: photorealistic, surreal mixed-media photography, realistic human + hand-drawn illustration, cinematic lighting, warm muted tones, editorial fashion photography, highly detailed, natural proportions, 8K, sharp focus.
Composition: vertical 9:16, full body, centered subject, camera at eye level, realistic perspective, minimal background, no text, no watermark.

———

Create an ultra-realistic cinematic full-body portrait of a young woman standing in front of a dark industrial concrete wall, seamlessly interacting with a huge hand-drawn black-and-white cyberpunk illustration of herself.

The real woman has long wavy dark auburn hair, natural realistic facial features, detailed skin texture, and a confident neutral expression. She is wearing a metallic silver cropped futuristic jacket, fitted black cropped top, layered silver necklaces, loose black tactical cargo pants with multiple straps, buckles, pockets and utility details, and chunky white-and-black sneakers. She stands naturally with one hand touching her hair/jacket and the other relaxed by her side.

Behind her, covering most of the wall, is a large highly detailed hand-drawn monochrome comic illustration of the same woman as a futuristic cyberpunk warrior. The illustration should have long flowing hair, an intense elegant expression, futuristic armored clothing, mechanical details, belts, straps, panels and sci-fi accessories. Surround the character with energetic hand-drawn elements such as lightning bolts, geometric shapes, mechanical components, sparks and abstract cyberpunk symbols.

The cartoon artwork must look like it was actually sketched directly onto the concrete wall with black ink/charcoal, with visible rough strokes, cross-hatching, line variation and imperfect hand-drawn details. The real woman should appear physically in front of the illustration, creating a convincing 2D illustration + 3D photorealistic human fusion.

Use dramatic low-key cinematic lighting, cool dark tones, subtle reflections on the metallic jacket, realistic floor reflections, natural shadows, detailed fabric and hair, atmospheric depth, gritty industrial texture, high contrast, sharp focus, editorial cyberpunk fashion photography.

Composition: vertical 9:16, full body, centered subject, eye-level camera, realistic proportions, cinematic perspective, highly detailed, photorealistic, 8K, no text, no watermark, no logos.",images/2100412893309362669_0.jpg | images/2100412893309362669_1.jpg
2101143220566872225,2026-09-19T10:55:55+08:00,Alina_with_Ai,https://x.com/Alina_with_Ai,https://x.com/Alina_with_Ai/status/2101143220566872225,249,en,reply,"Create a highly detailed, realistic graphite and colored-pencil double portrait featuring Cristiano Ronaldo and the young woman from the reference images together, rendered in exactly the same refined hand-drawn sketch aesthetic.
Both subjects should have the same artistic treatment: fine graphite linework, delicate cross-hatching, realistic pencil strokes, subtle warm colored-pencil accents, soft natural shading, detailed individual hair strands, realistic skin texture, expressive eyes, and carefully defined facial features.
Cristiano Ronaldo: show him in a three-quarter back pose, looking over his shoulder toward the viewer, with his recognizable short dark styled hair, strong masculine facial features, defined eyebrows, subtle stubble, natural expression, and a simple light-colored shirt rendered with loose pencil strokes.
Young woman: show her in a matching three-quarter back pose, also looking over her shoulder toward the viewer. Keep her dark-brown hair in a loose messy bun with delicate wispy strands, natural expressive eyes, defined brows, soft pink lips, subtle cheek blush, and a simple light-colored shirt with lightly sketched fabric folds.
Place both portraits together in one balanced composition, side by side with natural spacing, maintaining the same scale, perspective, lighting, pencil texture, and level of detail. Their faces should remain highly recognizable and naturally proportioned.
Use a pure clean white paper background with only very subtle loose pencil marks around the silhouettes. Keep the clothing lightly sketched so the faces and hair remain the main focus.
Premium realistic hand-drawn portrait, elegant editorial sketch, graphite + colored pencil, delicate cross-hatching, ultra-detailed facial features, realistic hair texture, subtle skin tones, soft shading, clean white background, high resolution, artistic yet photorealistic finish, vertical 9:",images/2101143220566872225_0.jpg | images/2101143220566872225_1.jpg
2102368459388801390,2026-09-22T20:04:35+08:00,MahnoorAi12,https://x.com/MahnoorAi12,https://x.com/MahnoorAi12/status/2102368459388801390,241,en,reply,"Use the uploaded face reference image ONLY as the identity reference for the woman.

STRICT FACE IDENTITY LOCK:
Preserve her recognizable facial identity exactly from the face reference. Keep the same facial structure, face shape, eyes, eyebrows, nose, lips, jawline, cheek structure, skin tone, and natural facial proportions. Do not beautify, redesign, age, de-age, or replace her face. Do not create a different person.

Use the provided reference images as visual inspiration for the overall composition, photography style, outfit, pose, environment, color palette, and aesthetic, but do NOT copy their facial identity.

Create a photorealistic lifestyle editorial photograph with a soft Japanese/Korean-inspired café and everyday-luxury aesthetic.

The woman is naturally enjoying a quiet café moment with coffee and dessert. Elegant understated styling, soft neutral tones, natural daylight, subtle film grain, warm muted colors, realistic skin texture, delicate details, candid editorial photography.

Outfit should be feminine and sophisticated with a minimalist vintage-inspired feel. Add tasteful accessories such as a small structured handbag, delicate jewelry, and elegant shoes where appropriate.

Composition should feel like a genuine lifestyle photograph rather than an AI-generated portrait. Natural body proportions, realistic hands and fingers, authentic fabric texture, realistic lighting and shadows.

Create the final image as a refined editorial scrapbook-style photograph:
- warm ivory/beige paper-inspired background
- softly isolated central subject
- subtle hand-painted/watercolor edges around the photograph
- slightly imperfect organic cutout effect
- delicate vintage paper texture
- minimal elegant typography area underneath
- calm nostalgic mood
- sophisticated feminine aesthetic
- lots of clean negative space

IMPORTANT:
The face reference controls ONLY the woman's identity.
The scene/reference images control the visual concept.
Do not merge or copy another person's face.
Keep the woman's identity consistent and recognizable throughout the entire image.

High-resolution photography, natural lighting, realistic skin texture, detailed clothing, realistic hands, authentic shadows, premium editorial composition, subtle analog film texture, soft focus falloff, photorealistic.

———

If you want to create 4 separate images like the references above, add this to the end of the prompt:
Create 4 separate images featuring the same woman while maintaining exactly the same facial identity across all four images.

Image 1: A cozy café moment with coffee, dessert, a handbag, and an elegant outfit.

Image 2: An outdoor autumn picnic in a leafy park with a friend, coffee, a newspaper, and a picnic blanket.

Image 3: An intimate café overhead shot with coffee and dessert, naturally showing the outfit and accessories.

Image 4: An autumn park bench scene with the woman enjoying coffee, wearing a dark cozy outfit with a sophisticated vintage aesthetic.

Keep the same face, facial features, hairstyle, and identity consistent across all four images. Each image should look like an authentic lifestyle photograph from the same person's photo diary.",images/2102368459388801390_0.jpg | images/2102368459388801390_1.jpg | images/2102368459388801390_2.jpg | images/2102368459388801390_3.jpg
2099825335491764544,2026-09-15T19:39:07+08:00,Mayz1169,https://x.com/Mayz1169,https://x.com/Mayz1169/status/2099825335491764544,229,en,reply,"Here's the prompt:

LOCATION: Osaka
DATE: SEP 15, 2026

Use the uploaded image as the ONLY character reference.

Create ONE 9:16 vertical image that looks like an authentic iPhone Photos “Memories” page featuring this exact character.

Preserve the character’s appearance, face, hairstyle, colors, outfit, proportions, accessories, and original visual style consistently in every photo. Do not redesign the character or turn an illustrated character into a real person.

Automatically imagine a believable day of memories that fits the character and their visual world. Create a natural mix of candid photos from morning to night: indoor moments, food or drinks, travel, streets, scenery, sunset, nighttime, and resting. Automatically choose suitable activities, locations, lighting, and atmosphere.

LAYOUT
Authentic Apple Photos Memories aesthetic, 9:16. One large hero memory photo at the top, followed by an organic collage of differently sized photos below. Natural iPhone photo-library spacing and proportions, not a rigid grid. Include subtle iOS Photos interface elements and a play button.

TEXT
English only. Display only the LOCATION and DATE above. No captions, quotes, or decorative text.

Make the photos feel spontaneous and personal rather than staged, with varied framing, close-ups, wide shots, imperfect candid compositions, natural lighting, occasional motion blur, and different times of day. The final result should feel like iPhone Photos automatically created a memory from one real day with this character.",images/2099825335491764544_0.jpg | images/2099825335491764544_1.jpg
2102793005837242737,2026-09-24T00:11:35+08:00,KrishnaBio1,https://x.com/KrishnaBio1,https://x.com/KrishnaBio1/status/2102793005837242737,229,en,reply,"Create a refined luxury editorial travel-art composition inspired by all four reference photographs, seamlessly combining four distinct travel moments into one sophisticated vertical travel journal artwork: Dubai coastline with the iconic sail-shaped Burj Al Arab and a stylish woman in a beige trench coat during golden hour; Icelandic snowy mountains beneath a dramatic glowing green and violet Northern Lights sky, with the woman wearing a warm beige knit beanie, turtleneck and coat; lush tropical Bali rice terraces surrounded by palm trees and misty green mountains, with the woman in a beige trench coat and soft cream knitwear; and a dreamy tropical island setting with turquoise ocean, traditional overwater thatched villas, palm trees and a dramatic volcanic mountain in the background, with the woman wearing a beige trench coat over a black top.

Upper section: create a sophisticated realistic cinematic travel photography sequence that naturally blends these four destinations while keeping each environment visually recognizable and beautifully composed. Preserve the woman’s facial identity, facial proportions, hairstyle, skin tone, expression and overall appearance consistently across the different scenes. Authentic candid travel photography, natural realistic lighting appropriate to each destination, subtle film grain, detailed textures, realistic skin and clothing, atmospheric depth, elegant muted color grading, premium high-end travel magazine photography, cinematic composition, refined European-editorial travel aesthetic.

Lower section: transform the exact same four travel scenes into delicate handmade watercolor illustrations, maintaining the recognizable landscapes, architecture, mountains, ocean, rice terraces, Burj Al Arab, Northern Lights, overwater villas, palm trees, clothing, poses and overall composition from the photographic scenes. Use loose translucent watercolor washes, delicate ink outlines, soft pigment bleeding, imperfect hand-painted brushwork, visible paper texture, airy negative space, subtle pastel tones and naturally faded watercolor edges. Keep the woman recognizable and consistent across all four illustrated scenes.

Arrange the four destinations as one harmonious artistic travel story rather than four unrelated images, with smooth visual transitions and balanced spacing. Surround the artwork with generous warm ivory/off-white textured handmade paper. Add a small elegant handwritten travel-journal caption near the bottom, such as “Four Places, One Journey” or “Wander Beyond the Ordinary”, followed by a thin minimalist horizontal line.

Overall aesthetic: luxury travel journal, fine-art watercolor postcard, cinematic travel photography, nostalgic wanderlust, contemporary editorial design, sophisticated and serene, tactile handmade paper, premium art direction, elegant natural proportions, highly detailed realistic photography transitioning beautifully into airy watercolor artwork, clean composition, no clutter, no heavy borders, no unnecessary graphic elements.

Portrait orientation, premium editorial layout, cohesive visual storytelling, realistic-to-watercolor transformation, sophisticated travel magazine quality, high detail.",images/2102793005837242737_0.jpg | images/2102793005837242737_1.jpg | images/2102793005837242737_2.jpg
2101869345093873968,2026-09-21T11:01:17+08:00,Alina_with_Ai,https://x.com/Alina_with_Ai,https://x.com/Alina_with_Ai/status/2101869345093873968,227,en,reply,"Create a professional AI Character Reference Sheet for a single adult female character, designed for consistent character generation across images and video.

Layout:
A clean high-end character design presentation board on a white studio background, arranged into clearly labeled sections with multiple reference views.

CHARACTER PROFILE:
Name: [Character Name]
Role: [Role]
Age: [Adult age range]
Height: [Height]
Body Type: [Body type]
Personality: [Personality traits]
Distinctive Traits: [Distinctive facial/body features]
Signature Colors: [3–4 signature colors]

FULL-BODY TURNAROUND:
Show the exact same character in four full-body views:
1. Front view
2. 3/4 front view
3. Side profile
4. Back view

Maintain identical facial identity, hairstyle, body proportions, clothing, accessories, colors, and physical characteristics across every view.

FACE & IDENTITY DETAILS:
Create close-up facial references showing:
- Front face
- 3/4 face
- Side profile

Clearly preserve:
face shape, eyes, eyebrows, nose, lips, skin tone, hairstyle, hair color, distinctive facial details, and accessories.

EXPRESSION SHEET:
Show the same character with consistent identity and hairstyle displaying:
- Neutral
- Happy
- Angry
- Sad
- Surprised
- Worried
- Confident
- Determined

POSE & BODY LANGUAGE:
Show the character in several natural full-body poses:
- Neutral standing
- Walking
- Sitting
- Relaxed
- Tense
- Action-ready

COSTUME DETAILS:
Include detailed close-up panels of:
- Bodice and fabric
- Seams and construction
- Back closure/zipper
- Jewelry/accessories
- Footwear
- Earrings or other accessories

COLOR & MATERIAL PALETTE:
Display circular color swatches and material samples for:
- Clothing/fabric
- Skin
- Hair
- Leather
- Metal
- Accent colors

VISUAL STYLE:
Photorealistic cinematic character design, premium film-production reference sheet, realistic skin texture, natural facial details, accurate anatomy, professional studio photography, soft even lighting, sharp details, clean white background, high-end editorial presentation, consistent character identity.

IMPORTANT:
The same adult female character must remain visually identical throughout the entire sheet. No changes to face, facial proportions, hairstyle, hair color, body shape, age, skin tone, outfit design, or accessories between panels. Make the sheet highly detailed, organized, readable, and suitable as a character reference for future AI image and video generation.

———

Create a professional AI Character Reference Sheet for the SAME adult female character shown in the uploaded reference image.

The reference image is the primary source for the character’s visual identity. Preserve her recognizable facial structure, natural features, hairstyle, hair texture, skin tone, body proportions, and overall appearance consistently throughout the entire sheet.

STYLE:
Premium cinematic AI character design sheet, photorealistic, luxury fashion editorial aesthetic, clean white studio background, professional film-production reference board, sharp realistic details, natural skin texture, soft studio lighting, elegant typography, highly organized multi-section layout.

1. CHARACTER PROFILE

Name: [Character Name]
Role: Lead Character
Age: Adult, late 20s
Height: Approximately 5'10"" / 178 cm
Body Type: Slim / Athletic
Personality: Confident, intelligent, creative, empathetic, resilient, authentic
Distinctive Traits:
- Strong expressive eyes
- Defined natural facial features
- Long textured dark hair
- Natural curls/waves
- Elegant contemporary appearance
- Distinctive confident presence

Signature Colors:
Warm ivory, cream, beige, taupe, dark brown, charcoal, white.

Include a large portrait of the character beside the profile information.

2. FULL-BODY TURNAROUND

Show the EXACT SAME character in four full-body views:

- Front view
- 3/4 front view
- Side profile
- Back view

Maintain identical:
face
hair
skin tone
body proportions
height
outfit
fabric
accessories
footwear
colors
and overall identity.

The character wears an elegant fitted white/ivory long-sleeve jumpsuit with a tasteful keyhole neckline, wide-leg trousers, subtle textured fabric, delicate gold jewelry, and elegant light-colored heels.

3. FACE & IDENTITY DETAILS

Create large close-up facial references showing:

- Front face
- 3/4 face
- Side profile

Preserve the exact facial identity from the reference image.

Show:
- Face shape
- Eyes
- Eyebrows
- Nose
- Lips
- Skin tone
- Hairline
- Hair texture
- Distinctive facial features
- Jewelry

Use realistic pores, natural skin texture, realistic eyes, accurate facial proportions, and subtle editorial makeup.

4. EXPRESSION SHEET

Show the SAME character with identical facial identity and hairstyle displaying:

- Neutral
- Happy
- Angry
- Sad
- Surprised
- Worried
- Confident
- Determined

Expressions should change naturally while facial identity remains completely consistent.

5. POSE & BODY LANGUAGE

Show six full-body poses:

- Neutral standing
- Walking
- Sitting
- Relaxed
- Tense
- Action-ready

Keep the exact same outfit, body proportions, hairstyle, accessories, and facial identity in every pose.

6. COSTUME DETAILS

Create detailed close-up panels showing:

- Neckline and jewelry
- Fabric texture
- Shoulder construction
- Waistband and fasteners
- Pants construction
- Footwear
- Earrings / jewelry

Show realistic fabric weave, stitching, seams, buttons, jewelry materials, and clothing construction.

7. COLOR & MATERIAL PALETTE

Display clean circular color swatches and material references for:

- Ivory
- Cream
- Beige
- Taupe
- Warm brown
- Charcoal
- White

Material references:
- Natural skin
- Dark textured hair
- Ribbed/fine fabric
- Leather
- Gold metal jewelry
- Smooth footwear material

IMPORTANT CHARACTER CONSISTENCY:

The SAME adult female character must appear in every single panel.

Do not alter:
- Facial identity
- Face shape
- Eyes
- Nose
- Lips
- Skin tone
- Hairline
- Hair color
- Hair texture
- Body proportions
- Height
- Age
- Outfit design
- Accessories

No random face changes, no different person, no duplicate-looking variations, no distorted anatomy.

Make the final image look like a professionally produced Hollywood character bible / fashion character reference sheet for use in future AI image and video generation.

Ultra-realistic photography, cinematic detail, natural skin, accurate anatomy, consistent identity, high resolution, clean composition, premium editorial presentation.",images/2101869345093873968_0.jpg | images/2101869345093873968_1.jpg
2107544398531637407,2026-10-07T02:51:55+08:00,ozansihay,https://x.com/ozansihay,https://x.com/ozansihay/status/2107544398531637407,212,en,post,"Ultra-realistic night street photograph on the Istanbul Bosphorus waterfront. A tiny makeshift caravan food stall, slightly battered metal sides, steam rising. Hand-painted neon-style rickety sign reading “Köfteci Buğra Usta” in Turkish, glowing uneven cyan and warm amber, wires and brackets visibly DIY. Inside the open caravan, the usta grilling köfte over charcoal, orange ember glow on his face and apron. One waiter in a simple dark shirt stands in front of the stall; the same “Köfteci Buğra Usta” lettering is printed on the back of his shirt. Plastic stools and small low tables outside, a few locals eating, soft conversation. A plastic water jug (damacana) near the counter. Behind them, dark Bosphorus water with distant city lights and a faint ferry silhouette. Wet asphalt reflections, streetlamp spill, shallow depth of field, natural film grain, shot on 35mm f/1.8, candid documentary look, no CGI look, no text errors on signs.",images/2107544398531637407_0.jpg | images/2107544398531637407_1.jpg | images/2107544398531637407_2.jpg | images/2107544398531637407_3.jpg
2101255283897139628,2026-09-19T18:21:13+08:00,Alina_with_Ai,https://x.com/Alina_with_Ai,https://x.com/Alina_with_Ai/status/2101255283897139628,203,en,reply,"Create a sophisticated vertical editorial watercolor poster using the uploaded reference photo as the exact visual reference for the woman’s facial features, identity, hairstyle, skin tone, and overall appearance.

IMPORTANT: This must be visually different from the first poster. Do NOT use a waving pose. Do NOT place the subject standing in the same pose. Create a completely different composition and body position.

Show the woman seated elegantly on a low stone terrace or architectural ledge, wearing a tailored black blazer with matching wide-leg trousers and a crisp white collared shirt. One elbow is resting naturally on her knee, with her hand gently supporting her cheek in a relaxed, thoughtful pose. Her other hand rests naturally on her lap. A simple elegant wristwatch is visible.

Her expression should be soft, confident, calm, and slightly smiling. Keep her facial identity and recognizable features consistent with the reference image.

STYLE:
Luxury hand-painted watercolor and fine-ink editorial illustration, realistic but artistic facial rendering, delicate brush strokes, subtle ink outlines, natural skin tones, soft watercolor bleeding, sophisticated muted beige, warm brown, ivory and charcoal palette, visible handmade watercolor paper texture, premium fashion magazine aesthetic.

COMPOSITION:
Vertical poster layout.
Place the woman in the lower-middle portion of the composition.
Leave generous clean negative space around the subject.
Create a different visual balance from the first poster by using a seated pose and a slightly asymmetrical composition.

BACKGROUND:
Warm ivory handmade textured paper.
Behind the woman, add very subtle watercolor sketches of elegant Mediterranean-style architecture, distant trees, delicate branches and soft beige architectural brush marks.
Keep the background extremely light and artistic so the woman remains the main focus.
No photographic background.

TYPOGRAPHY:
At the upper center, add elegant handwritten/script-style text:

“Alina Ai”

Directly underneath, add a thin minimal horizontal line.

Below the line, add small widely spaced uppercase typography:

“PEOPLE ALWAYS STAY”

Add very subtle small editorial text elements around the composition:

“SAME GIRL DIFFERENT DREAMS”

“A KINDER BRIGHTER ME”

“GOOD IDEAS BRIGHTER DAYS”

Keep all typography refined, minimal, balanced, and premium.

OVERALL LOOK:
Luxury editorial watercolor poster, sophisticated fashion illustration, handmade art print, soft cinematic lighting translated into watercolor, realistic proportions, elegant feminine aesthetic, premium magazine cover composition, clean negative space, highly detailed face and hair, natural hands and anatomy.

NEGATIVE PROMPT:
Do not copy the first poster’s pose, no waving hand, no standing pose, no raised arm, no photorealistic background, no 3D CGI, no cartoon appearance, no excessive colors, no clutter, no extra people, no distorted face, no extra fingers, no malformed hands, no duplicated limbs, no unnatural anatomy, no harsh outlines, no plastic skin, no AI-looking facial features, no incorrect text, no random logos.",images/2101255283897139628_0.jpg | images/2101255283897139628_1.jpg
2107675234858131544,2026-10-07T11:31:49+08:00,Goodmanprotocol,https://x.com/Goodmanprotocol,https://x.com/Goodmanprotocol/status/2107675234858131544,193,en,post,"Create a premium 3:4 vertical editorial travel poster for [COUNTRY / CITY / LOCATION / SUBJECT].

TEXT-TO-IMAGE ONLY — generate the entire artwork creatively from [COUNTRY / CITY / LOCATION / SUBJECT] alone. No reference image required.

COMPOSITION
Divide the poster into two seamless stacked halves with no gap.

TOP HALF:
Create a full-width photorealistic cinematic travel scene representing [COUNTRY / CITY / LOCATION / SUBJECT]. Automatically choose its most recognizable architecture, surroundings, atmosphere, materials, colors, and natural lighting. Treat this as the authentic photographic view of the destination.

BOTTOM HALF:
Transform the same scene into a highly detailed isometric miniature diorama viewed from approximately a 45° elevated angle. Rebuild the recognizable architecture, streets, landscape, vegetation, and surrounding elements as a physically believable miniature world on a thin dark-gray rectangular base slab.

Maintain visual continuity between the upper photograph and lower diorama — same architecture, same environment, same lighting mood, and recognizable details — while making the lower section clearly handcrafted as a miniature.

EDITORIAL LAYOUT
Place the diorama toward the lower-right area, leaving generous warm off-white negative space around it.

Use thin dark-navy sans-serif typography in the empty space:
- a poetic 3-line uppercase title
- “/”
- a short 4-line travel verse
- bottom-left: “001” followed by a thin horizontal rule and [CITY / COUNTRY]
- bottom-right: a thin horizontal rule followed by accurate GPS coordinates

Automatically determine the appropriate city, country, landmark, and coordinates from [COUNTRY / CITY / LOCATION / SUBJECT].

STYLE
Photorealistic travel photography × hyper-detailed architectural miniature × premium editorial design × quiet luxury travel journal.

Use realistic materials, miniature-scale details, natural shadows, subtle depth of field, warm off-white paper, restrained dark-navy typography, and sophisticated negative space.

The lower diorama must feel physically constructed rather than like a flat illustration — tiny buildings, roads, vegetation, textures, shadows, and architectural details should have believable scale and depth.

FINAL AESTHETIC
Minimal, intelligent, atmospheric, collectible, and highly refined — a contemporary travel journal combining the real destination with its miniature architectural memory.

Avoid collage seams, separate unrelated scenes, generic architecture, invented landmarks, excessive typography, glossy CGI, cartoon styling, clutter, logos, watermarks, borders, and UI elements.

FORMAT
3:4 vertical, two stacked halves, no gap, upper photorealistic destination scene, lower isometric miniature diorama, premium editorial finish.",images/2107675234858131544_0.jpg | images/2107675234858131544_1.jpg | images/2107675234858131544_2.jpg | images/2107675234858131544_3.jpg
2102960952266432853,2026-09-24T11:18:56+08:00,Alina_with_Ai,https://x.com/Alina_with_Ai,https://x.com/Alina_with_Ai/status/2102960952266432853,186,en,reply,"Create a cinematic vertical 9:16 nighttime portrait based closely on the reference image.

A young woman is sitting casually on a rustic wooden park bench at night beside an adorable small 3D animated girl. Preserve the overall composition, camera angle, poses, proportions, lighting, and atmosphere of the reference.

The young woman has long dark brown hair and wears masculine oversized streetwear: a dark olive/black oversized utility jacket over a black hoodie, extremely loose black cargo pants, and clean white chunky sneakers. She is seated in a relaxed pose with one knee raised, one leg extended toward the camera, one arm resting naturally on her knee, and the other hand resting on the bench. Keep her appearance photorealistic with natural facial features and realistic skin texture.

Beside her is a very cute miniature 3D animated girl with a small body, oversized expressive brown eyes, rosy cheeks, a tiny face, dark brown hair tied into a messy high bun with loose strands, and an adorable playful expression. She wears an oversized black hoodie with a small crown emblem, loose black cargo pants, and white chunky sneakers. Keep her clearly stylized as a high-quality cute 3D animated character, not photorealistic.

The girl is standing beside the seated woman on the bench, looking slightly toward the camera. Add a small glowing hand-drawn crown above her head, subtle glowing doodle lines, and small glowing heart doodles around her.

Set the scene in a beautiful nighttime park with dark leafy trees, distant city lights, warm glowing street lamps, strong golden rim lighting around the characters, soft cinematic bokeh, realistic shadows, and a cozy magical atmosphere.

Photorealistic adult woman seamlessly combined with a cute high-quality 3D animated character, realistic textures, cinematic depth of field, warm golden nighttime color grading, detailed clothing, natural proportions, professional photography, ultra-detailed, sharp focus, vertical 9:16.

Keep the cute animated girl's appearance consistent and adorable. Do not make her realistic. Do not change her outfit or facial style.

———

Create a single cinematic vertical 9:16 image based closely on the uploaded reference.

Show TWO characters standing side by side at night in a beautiful city park.

The adult woman is the main realistic character. Use my uploaded photo as her identity reference and preserve my facial identity, facial structure, skin tone, and recognizable appearance. She has long dark brown hair and wears masculine oversized streetwear: a dark olive/black oversized utility jacket, black oversized hoodie, extremely loose black cargo pants, and white chunky sneakers.

The woman is standing naturally and looking DOWN toward the little girl with a warm, genuine smile. Her body is slightly turned toward the little girl. One hand is casually inside her jacket/pants pocket, while her other hand is raised and her index finger is POINTING toward the little girl, as if proudly introducing or showing her. Make the pointing gesture very clear and natural.

Beside her stands an adorable small 3D animated girl. Keep the little girl extremely cute: oversized expressive brown eyes, rosy cheeks, tiny face, brown hair in a messy high bun with loose strands, black oversized hoodie with a small crown emblem, loose black cargo pants, and white chunky sneakers. She is standing upright and looking up at the woman with a sweet playful smile.

IMPORTANT:
- Both characters must be FULLY STANDING.
- One single image only, NOT a collage or split screen.
- The woman must be pointing toward the little girl.
- The woman must be looking at the little girl and smiling.
- The little girl must be looking up at the woman.
- Keep a clear height difference between them.
- Do not make the little girl photorealistic; keep her cute high-quality 3D animated appearance.
- Do not change the little girl's outfit, hairstyle, facial style, or body proportions.

Set them on a nighttime park walkway with leafy trees, warm glowing streetlights, distant city lights, soft bokeh, golden rim lighting around their hair and shoulders, realistic shadows, and a cozy magical atmosphere.

Photorealistic adult woman + adorable 3D animated girl, seamless integration, cinematic photography, realistic skin and clothing textures, warm golden color grading, shallow depth of field, ultra-detailed, natural proportions, professional composition, vertical 9:16.

The final composition should clearly communicate: the big girl is proudly pointing at the cute little girl while smiling at her.",images/2102960952266432853_0.jpg | images/2102960952266432853_1.jpg
2101634982728888507,2026-09-20T19:30:01+08:00,MahnoorAi12,https://x.com/MahnoorAi12,https://x.com/MahnoorAi12/status/2101634982728888507,162,en,reply,"Transform the uploaded photo into a sophisticated vintage travel-art poster while keeping the main subjects recognizable and preserving their original pose, expression, hairstyle, clothing, and overall composition.

Create a hand-drawn editorial illustration with delicate ink outlines, fine sketch details, subtle cross-hatching, vintage screen-print texture, soft watercolor washes, and realistic paper grain.

Keep the girl and alpaca as the main focal points. Simplify the surrounding mountains, green fields, clouds, fences, and sky into elegant illustrated shapes while maintaining the feeling of the original location.

Use a refined muted palette of warm beige, cream, dusty green, soft brown, terracotta, and faded blue on an ivory paper background. Add subtle halftone texture, slightly faded ink, imperfect printing, and handcrafted poster details.

Add tasteful minimalist travel typography around the composition, such as:
“NEW ZEALAND”
“ALPACA MOMENT”
“GOOD PEOPLE, BRIGHTER PLACES”

Include small decorative lines, circles, birds, botanical elements, and subtle geometric shapes for an artistic travel-magazine aesthetic.

The final image should feel premium, nostalgic, elegant, artistic, and collectible — like a vintage European travel poster mixed with a modern lifestyle editorial illustration.

4:5 vertical composition, balanced layout, generous negative space, sophisticated typography, detailed hand illustration, warm natural lighting, no photorealistic background, no excessive visual clutter.",images/2101634982728888507_0.jpg | images/2101634982728888507_1.jpg | images/2101634982728888507_2.jpg | images/2101634982728888507_3.jpg
2107687505248256083,2026-10-07T12:20:34+08:00,hey_am_cherry,https://x.com/hey_am_cherry,https://x.com/hey_am_cherry/status/2107687505248256083,151,en,post,"""visual_style"": {
      ""medium"": ""digital painting with hand-drawn ink outlines"",
      ""aesthetic"": ""modern fashion illustration mixed with graphic novel artwork"",
      ""texture"": ""visible brush strokes, subtle paper grain, rough painted edges"",
      ""finish"": ""expressive, painterly, slightly imperfect handmade look"",
      ""lighting"": ""soft warm ambient lighting with gentle facial highlights""
    },

    ""subject"": {
      ""gender"": ""woman"",
      ""age"": ""young adult"",
      ""appearance"": ""attractive woman with natural facial proportions"",
      ""hair"": ""dark brown, medium-length slightly messy hair with loose strands framing the face"",
      ""eyewear"": ""large round black-rimmed glasses"",
      ""expression"": ""calm, slightly confident, relaxed expression with a subtle pout"",
      ""eyes"": ""light blue-gray eyes, looking toward the smartphone"",
      ""skin"": ""natural warm skin tone with painterly shading""
    },

    ""pose"": {
      ""framing"": ""vertical medium-to-three-quarter portrait"",
      ""camera_angle"": ""slightly low-angle selfie perspective"",
      ""head_position"": ""head tilted slightly backward and toward the camera"",
      ""body_position"": ""standing casually with relaxed shoulders"",
      ""right_hand"": ""holding a smartphone near the upper-right side of the frame"",
      ""phone_position"": ""smartphone raised at approximately face level"",
      ""left_arm"": ""relaxed naturally beside the body"",
      ""gaze"": ""looking toward the phone camera""
    },

    ""clothing"": {
      ""top"": ""oversized loose long-sleeve shirt in rich cobalt blue"",
      ""fit"": ""casual relaxed fit"",
      ""bottom"": ""dark indigo-blue denim jeans"",
      ""accessory"": ""small delicate gold pendant necklace"",
      ""additional_details"": ""warm tan leather shoulder strap visible over one shoulder""
    },

    ""smartphone"": {
      ""type"": ""modern premium smartphone"",
      ""color"": ""light silver"",
      ""camera_module"": ""visible dual-camera module"",
      ""position"": ""held vertically in the raised hand""
    },

    ""background"": {
      ""color"": ""vivid coral-orange"",
      ""style"": ""flat minimal illustrated background"",
      ""texture"": ""subtle distressed paint marks, scratches, faded brush patches and paper texture"",
      ""depth"": ""minimal depth with no detailed environment""
    },

    ""composition"": {
      ""subject_placement"": ""woman centered slightly left of frame"",
      ""phone_placement"": ""upper-right quadrant"",
      ""framing"": ""body visible from head down to upper thighs"",
      ""negative_space"": ""large clean coral-orange areas surrounding the subject"",
      ""visual_balance"": ""face, cobalt outfit and silver smartphone create the main focal points""
    },

    ""color_palette"": {
      ""background"": ""vivid coral-orange"",
      ""outfit"": ""rich cobalt blue"",
      ""jeans"": ""deep indigo blue"",
      ""hair"": ""deep brown and near-black"",
      ""skin"": ""warm peach and beige tones"",
      ""jewelry"": ""soft gold"",
      ""phone"": ""light silver"",
      ""overall_palette"": ""bold complementary warm-and-cool color contrast""
    },

    ""rendering_details"": {
      ""linework"": ""loose expressive dark ink outlines"",
      ""shading"": ""layered painterly shadows with visible brush strokes"",
      ""facial_details"": ""simplified but expressive eyes, nose and lips"",
      ""edges"": ""slightly rough hand-painted edges"",
      ""overall_feel"": ""vibrant, stylish, youthful, artistic and contemporary""
    },

    ""negative_prompt"": [
      ""photorealistic photography"",
      ""3D render"",
      ""anime"",
      ""cartoon character proportions"",
      ""plastic skin"",
      ""overly polished digital art"",
      ""complex background"",
      ""extra fingers"",
      ""extra hands"",
      ""duplicate smartphone"",
      ""deformed face"",
      ""distorted glasses"",
      ""text"",
      ""logos"",
      ""watermarks""
    ]
  }
}",images/2107687505248256083_0.jpg | images/2107687505248256083_1.jpg
2100057353249051067,2026-09-16T11:01:04+08:00,Alina_with_Ai,https://x.com/Alina_with_Ai,https://x.com/Alina_with_Ai/status/2100057353249051067,149,en,reply,"Use the same uploaded woman as the character reference and preserve her identity, hairstyle, and overall appearance.

Create a completely different artistic interpretation of Paris, France, inspired by a premium travel magazine illustration. Show the same woman from behind, sitting peacefully on a beautiful stone terrace overlooking Paris at sunset, with the Eiffel Tower, Seine River, bridges, classic Parisian rooftops, boats, trees, and warm evening light.

Transform the entire scene into a sophisticated hand-painted watercolor and editorial travel illustration while keeping the woman recognizable. Use delicate paper texture, soft watercolor washes, elegant architectural details, subtle brush strokes, dreamy pastel skies, and a refined luxury travel-poster aesthetic.

Add tasteful minimal typography such as:
“PARIS”
“FRANCE”
“Different Views, Same Dreams”
“Travel • Explore • Discover • Grow”

The lower scene should feel artistic and motivational rather than photorealistic, clearly different from the realistic photograph above. Premium editorial composition, balanced layout, beautiful visual storytelling, vertical poster format, no watermark.

———

Use the uploaded woman as the exact character reference. Preserve her facial identity, facial features, hairstyle, skin tone, and natural body proportions.

Create a highly realistic, premium editorial travel photograph of the woman sitting at an elegant outdoor café terrace in Paris, France, during golden hour. The Eiffel Tower should be clearly visible in the background with a beautiful Paris cityscape, warm sunset sky, classic French architecture, and soft cinematic lighting.

She is wearing a stylish cream-and-black striped knit sweater with elegant light trousers. She sits naturally at a small Parisian café table with a coffee cup, camera, sunglasses, a handbag, and a few travel books. Her pose should feel relaxed, confident, and candid while looking naturally toward the camera.

Professional DSLR photography, realistic skin texture, natural facial details, shallow depth of field, warm golden-hour lighting, cinematic color grading, sophisticated luxury travel aesthetic, high-end magazine photography, extremely detailed, photorealistic.

Vertical composition, clean professional travel-poster layout, subtle elegant typography area, no watermark, no distorted hands, no extra fingers, no artificial face.",images/2100057353249051067_0.jpg | images/2100057353249051067_1.jpg
2103337256237113379,2026-09-25T12:14:14+08:00,SadiaMalik182,https://x.com/SadiaMalik182,https://x.com/SadiaMalik182/status/2103337256237113379,149,en,reply,"Create a refined editorial travel-art composition in the same distinctive double-style format as the reference image.

Divide the image vertically into two connected sections showing the EXACT SAME scene.

UPPER SECTION:
A realistic cinematic travel photograph based on the provided image. Preserve the exact subject, face, pose, clothing, objects, surroundings, architecture and perspective. Natural daylight, soft shadows, realistic textures, subtle film grain, elegant muted colors and premium luxury travel-magazine photography.

LOWER SECTION:
Transform the exact same scene into a beautiful handmade watercolor illustration. Keep the same subject, pose, objects, background and perspective perfectly recognizable. Use delicate translucent watercolor washes, fine ink details, soft imperfect brushwork, subtle pigment bleeding, faded edges",images/2103337256237113379_0.jpg | images/2103337256237113379_1.jpg
2107535382183387282,2026-10-07T02:16:05+08:00,hakmgpt,https://x.com/hakmgpt,https://x.com/hakmgpt/status/2107535382183387282,148,en,post,"A spectacular vintage screen-print illustration of a tall colorful lighthouse standing alone on a dark rocky island in a vast nighttime ocean. The lighthouse has geometric blocks of cream, hot pink, yellow and cobalt blue, with a dark blue roof. Its powerful yellow beam sweeps across the sky in a huge curved arc. Deep blue ocean with stylized white waves fills the bottom of the image. Dense halftone dots cover every surface, with rough paper texture and imperfect ink registration. Limited retro CMYK palette, flat graphic shapes, 1970s children's storybook screen-print aesthetic, mysterious and magical atmosphere, no text, 16:9.",images/2107535382183387282_0.jpg
2098967287957184997,2026-09-13T10:49:33+08:00,MahnoorAi12,https://x.com/MahnoorAi12,https://x.com/MahnoorAi12/status/2098967287957184997,140,en,reply,"Create a 4×4 dance pose sheet featuring one original character, with exactly 16 equally sized panels in one square image.

CHARACTER DESIGN
Design a sharp cyberpunk hacker with an asymmetrical black-and-magenta bob, one glowing cybernetic eye, a fitted black tactical jacket with circuit-pattern accents, fingerless tech gloves with small screen displays, cargo pants, and chunky boots with neon soles. Keep her exact face, hairstyle, colors, proportions, outfit, and accessories fully consistent across all 16 panels — no redesigns, recolors, or costume changes between panels.

ART STYLE
Render in 2D anime, high-contrast cel-shading with neon rim light, with crisp outlines and consistent lighting across every panel.

CHOREOGRAPHY
Design a cohesive 16-pose dance sequence with a clear beginning, build-up, climax, and ending, ordered left to right, top to bottom. Include: an opening pose that establishes personality; a small rhythmic step with a coordinated arm gesture; a side step with one arm extended; a compact expressive gesture near the face; a grounded stance with arms crossing or sweeping inward; a knee lift or weight shift; an open expansive pose with arms spread; a playful balance pose; a turning pose showing a three-quarter rear view; a forward-reaching diagonal lean; a strong upward-reaching accent; a climactic jump (or full-body extension if jumping doesn't suit the character); a lowered stance with a forward gesture; a dynamic side-facing transition; a signature gesture unique to the character; and a confident final pose with a clear finishing silhouette.

COMPOSITION
Use a clean white background, thin grid lines, and small readable numbers 1–16 in the upper-left corner of each panel. One full-body depiction of the character per panel, consistent scale, camera distance, lighting, and rendering style throughout. Fixed camera angle while the character turns naturally. Keep the entire character — hair, hands, feet, wings, tails, and accessories — inside each panel with comfortable margins, with subtle ground shadows and natural secondary movement in hair and fabric.

AVOID
Repeated or near-identical poses, identity drift, costume changes, inconsistent proportions, extra or missing limbs, malformed hands, cropped body parts, overlapping panels, additional characters, motion trails, background scenery, unlisted props, speech bubbles, and watermarks.

Final output: one polished square image, a clearly organized 4×4 grid of 16 distinct, character-appropriate dance poses.
Video Prompt (Seedance)
Copy
Use this sheet for character appearance and choreography. Follow poses 1→16 from left to right, top to bottom, connecting them into one continuous dance.

Create a continuous 2D anime, high-contrast cel-shading with neon rim light animation of the character from the reference sheet, dancing in a plain white space. Preserve her exact face, hairstyle, colors, proportions, outfit, and accessories, matching the reference precisely in every frame. Keep her identity fully consistent throughout.

Her performance is sleek, controlled, and quietly intense, like every move is calculated.

Use a fixed front-facing camera in one uninterrupted full-body shot. Start immediately in pose 1. Keep her entire silhouette — including hands, hair, wings/tail if present, and feet — inside the frame with comfortable white margins. A soft light-gray oval shadow grounds her on the floor and remains during jumps.

The grid defines choreography order only. Show one character in one continuous space. No reference sheet, split screens, borders, numbers, captions, duplicate figures, afterimages, cuts, or camera movement.

Each numbered pose occupies 0.5 seconds (16 poses = 8 seconds total). Clearly articulate each pose's silhouette, then transition through natural movement into the next. Maintain continuous anatomy and weight transfer: feet push off and land, joints absorb impact, hips and shoulders guide turns. Hair, clothing, and accessories follow with slightly delayed motion. Avoid slideshow transitions, morphing, foot sliding, or sudden changes in limb position.

0.0–0.5s — Pose 1: She stands tall with feet shoulder-width apart, arms crossed over the chest, sharp confident gaze; uncrosses the arms and drops into a ready stance.
0.5–1.0s — Pose 2: She snaps into a low guarded stance with one fist forward, weight on the back leg; pushes off, driving one knee up.
1.0–1.5s — Pose 3: She strikes a wide power stance with one arm punched out to the side and the other pulled back at the hip; recoils and pivots the torso.
1.5–2.0s — Pose 4: She snaps the head and gaze toward camera, one hand raised near the temple in a sharp gesture; lowers the hand and steps wide.
2.0–2.5s — Pose 5: She crosses both forearms in an X-block in front of the chest, weight centered, elbows sharp; snaps the arms open and outward.
2.5–3.0s — Pose 6: She drives one knee up in an explosive step, both fists guarding the chest; plants the foot hard, transferring weight forward.
3.0–3.5s — Pose 7: She spreads both arms wide at shoulder height, chest open, chin lifted in a commanding presence; sweeps the arms down and inward.
3.5–4.0s — Pose 8: She pivots onto one leg with the opposite knee lifted, one fist raised overhead in triumph; lowers the leg and preps a spin.
4.0–4.5s — Pose 9: She spins into a three-quarter rear view with one arm trailing behind, looking back sharply over the shoulder; continues rotating back to the front.
4.5–5.0s — Pose 10: She lunges forward low with one arm punched straight ahead and the other braced back for balance; pushes back to standing.
5.0–5.5s — Pose 11: She reaches one arm straight overhead in a strong vertical line, the other braced at the hip; gathers energy as the knees bend to load a jump.
5.5–6.0s — Pose 12: She performs an explosive jump with both knees driving up and the arms thrown wide in a dynamic shape; lands hard but controlled, absorbing through both knees.
6.0–6.5s — Pose 13: She lands in a low crouch with one fist grounded, eyes up toward camera; rises slowly, shifting weight to one side.
6.5–7.0s — Pose 14: She rotates into a side-facing stance with one arm sweeping overhead and the other locked straight out to the side; rotates back to face camera.
7.0–7.5s — Pose 15: She snaps into a sharp signature pose (a salute, a fist to the chest, or a raised hand), holds briefly; releases into the final setup.
7.5–8.0s — Pose 16: She finishes in a wide, grounded power stance with one arm raised in a fist or open palm toward the sky, chin lifted, unwavering gaze; holds and settles.

Complete the final pose by 7.8 seconds and hold through 8.0 seconds while her hair and clothing settle.
03
Fantasy Elf Archer
04
Mecha Pilot Power-Pose
05
RPG Game NPC Idle-to-Dance
06
Vtuber Streamer Character
07
Chibi Brand Mascot
08
Plushie Character
09
Cat-Girl Character
10
Baby Dragon Mascot
11
Emoji-Style Character
12
Pixel-Art Ret",images/2098967287957184997_0.jpg
2101991375806038065,2026-09-21T19:06:11+08:00,Alina_with_Ai,https://x.com/Alina_with_Ai,https://x.com/Alina_with_Ai/status/2101991375806038065,124,en,reply,"Create an ultra-realistic, professional cinematic CHARACTER REFERENCE SHEET featuring ONLY Cristiano Ronaldo as the main subject.

Use the uploaded reference image as the PRIMARY SOURCE OF TRUTH for Cristiano Ronaldo’s appearance and identity. Preserve his recognizable facial structure, hairstyle, skin tone, athletic body proportions, and overall appearance consistently across every panel.

CHARACTER:
Name: Cristiano Ronaldo
Age: 39
Nationality: Portuguese
Height: 187 cm (6'2"")
Position: Forward
Archetype: Goal Machine
Personality: Focused, disciplined, ambitious, competitive, legendary

IDENTITY LOCK:
The same Cristiano Ronaldo must appear in every panel.
Maintain consistent face, eyes, eyebrows, nose, lips, jawline, hairstyle, skin texture, muscular athletic physique and age.
No identity drift, no different person, no altered facial structure.

OUTFIT:
Use a realistic modern Portugal national football kit:
- Red short-sleeve football jersey
- Green football shorts
- Red knee-high football socks
- White professional football boots with subtle blue/red details
- Jersey number 7
- Captain's armband
- Authentic football fabric, stitching, mesh panels and realistic clothing texture

MAIN CHARACTER TURNAROUND:
Show ONLY Cristiano Ronaldo in three full-body views:
1. Front view holding a football naturally in one hand
2. Left side profile
3. Back view showing ""RONALDO"" and number ""7""

All three views must show the exact same person, outfit, hairstyle, body proportions and facial identity.

FACIAL EXPRESSIONS:
Add five close-up portraits of Cristiano Ronaldo:
- Focused
- Passionate / shouting
- Confident smile
- Determined
- Calm

Every facial portrait must clearly remain the same Cristiano Ronaldo.

DYNAMIC FOOTBALL POSES:
Add realistic action panels showing Cristiano Ronaldo:
- Dribbling with a football
- Sprinting at full speed
- Powerful shot/kick
- Jumping for a header
- Iconic goal celebration with arms extended

Keep anatomy realistic, athletic and physically believable.

EQUIPMENT / MATERIAL CALLOUTS:
Include small professional detail panels showing:
- Red jersey fabric
- Ventilated mesh panels
- Green shorts fabric
- Ribbed football socks
- White football boots
- Match football

COLOR PALETTE:
Red, deep green, white, gold, black and neutral gray.

DESIGN:
Premium professional football character-development sheet.
Warm off-white studio background.
Clean editorial grid.
Professional labels.
Elegant typography.
Fine divider lines.
Subtle Portuguese football/stadium elements.
Cinematic studio lighting.
Soft realistic shadows.
Photorealistic skin texture.
Visible pores.
Detailed hair strands.
Accurate hands and fingers.
Realistic fabric folds.
Ultra-sharp details.
High dynamic range.
8K photorealistic quality.

IMPORTANT:
Do NOT include Elena Moretti.
Do NOT include any female character.
Do NOT create a two-character comparison.
Do NOT split the sheet between two people.
The entire character sheet must be dedicated ONLY to Cristiano Ronaldo.

FINAL RESULT:
A premium AAA-game-quality Cristiano Ronaldo football character reference sheet combining:
full-body turnaround + facial expressions + football action poses + equipment details + material callouts + color palette + professional character information.

Make it look like an authentic high-end professional sports character bible, not a generic AI collage.

———

Create an ultra-realistic, professional cinematic CHARACTER REFERENCE SHEET using the uploaded reference image as the PRIMARY SOURCE OF TRUTH.

CHARACTER:
Create a consistent adult female professional football/soccer player. Preserve the same facial identity, facial structure, skin tone, hairstyle, body proportions, and overall appearance across every panel.

CHARACTER DETAILS:
Name: ELENA MORETTI
Age: 24
Nationality: Italian
Height: 168 cm (5'6"")
Role: Midfielder
Personality: Passionate, disciplined, confident, competitive
Archetype: Game Changer

IDENTITY LOCK:
The character must look like the EXACT SAME PERSON in every image.
Maintain identical face, eyes, eyebrows, nose, lips, jawline, hairstyle, skin texture, body proportions and age.
No facial redesign, no identity drift, no different person.

OUTFIT:
Modern professional football uniform:

Deep burgundy/maroon short-sleeve football jersey

Black shorts

Black knee-high football socks

Professional white football cleats with subtle red accents

Jersey number ""10""

Minimal professional football team crest

Realistic breathable performance fabric

Authentic stitching, mesh panels and fabric texture

CHARACTER SHEET LAYOUT:
Design a premium professional character design sheet on a clean warm-white studio background.

TOP SECTION:
Show three full-body views of the SAME character:

1. Front view

2. Left side profile

3. Back view

All three views must have identical proportions, outfit, hairstyle and facial identity.

FACE / EXPRESSION PANEL:
Include several realistic close-up portraits of the same character showing:

Focused expression

Passionate expression

Confident smile

Determined expression

Calm neutral expression

Each expression must preserve the exact same facial identity.

DYNAMIC ACTION POSES:
Include several full-body football action poses:

Running while controlling the ball

Sprinting forward

Powerful kicking motion

Jumping for the ball

Celebrating after scoring

Kneeling on the field after an intense play

Make the poses anatomically accurate and physically believable.

MATERIAL CALLOUTS:
Add small professional material-detail panels showing:

Jersey fabric: breathable lightweight performance knit

Mesh panels: ventilated side panels

Shorts fabric: stretch woven material

Socks: ribbed compression fabric

Boots: lightweight high-grip football cleats

COLOR PALETTE:
Show a clean professional color palette consisting of:

Deep burgundy

Black

Warm beige

Off-white

Neutral gray

DESIGN NOTES:
Add subtle professional annotations and technical design callouts around the character.
Include realistic fabric construction, seams, stitching and garment details.

VISUAL STYLE:
Ultra-realistic photography
Photorealistic human anatomy
Professional sports photography
High-end character development sheet
Editorial fashion photography
Natural skin texture
Visible pores and realistic facial details
Accurate hands and fingers
Realistic hair strands
Soft studio lighting
Subtle shadows
Neutral warm-gray background
Premium commercial presentation
Sharp focus
High dynamic range
8K detail
Clean composition
Professional art-direction
Consistent camera perspective

TYPOGRAPHY:
Use elegant modern editorial typography for labels and character information.
Keep text clean, minimal and professionally aligned.
Do not let typography overlap the character.

FINAL COMPOSITION:
A polished professional football character reference sheet combining:
character turnaround + facial expressions + dynamic action poses + outfit details + material callouts + color palette.

The final result should look like a premium AAA game character development sheet / professional sports campaign character bible, not a generic AI collage..",images/2101991375806038065_0.jpg | images/2101991375806038065_1.jpg
2098962792904798297,2026-09-13T10:31:41+08:00,Alina_with_Ai,https://x.com/Alina_with_Ai,https://x.com/Alina_with_Ai/status/2098962792904798297,118,en,reply,"Create a premium vertical 4:5 travel postcard-style composition with two sections.

TOP SECTION — PHOTOREALISTIC TRAVEL PHOTOGRAPH:
Show a breathtaking cinematic view of New York City, United States, from a charming riverside café terrace during golden hour. The Brooklyn Bridge stretches across the river, with the Manhattan skyline and One World Trade Center clearly visible in the background. A large American flag 🇺🇸 hangs naturally from a historic building in the foreground. Include beautiful flower planters, wooden café tables and chairs, warm vintage lanterns, small candles, lush greenery, riverboats, and realistic reflections on the water.

The sky has dramatic orange, peach, pink and soft blue clouds with the sun low near the horizon. Warm cinematic lighting, realistic architecture, rich details, professional travel photography, luxury tourism magazine aesthetic, natural depth of field, highly realistic.

Add a small elegant black hanging sign on the left with tasteful decorative text.

BOTTOM SECTION — WATERCOLOR POSTCARD:
Recreate the same scene as a beautiful hand-painted watercolor illustration on premium textured ivory/cream paper. Preserve the Brooklyn Bridge, Manhattan skyline, American flag, café terrace, flowers, river and major architectural elements, but transform everything into delicate watercolor brushwork with soft artistic edges.

Use a sophisticated travel-journal/postcard aesthetic with subtle paper texture and elegant negative space.

At the bottom center, add refined handwritten typography:

“New York City”

Below it:

“UNITED STATES”

Then a small American flag 🇺🇸

Then:

“2025”

OVERALL STYLE:
Luxury travel postcard, editorial tourism campaign, cinematic photography combined with watercolor illustration, sophisticated composition, premium paper texture, warm romantic atmosphere, highly detailed, visually polished, elegant typography.

IMPORTANT:
Keep the overall two-section layout: realistic photograph on top + watercolor interpretation underneath.
The watercolor should clearly correspond to the photograph.
Use a vertical 4:5 composition.
No people as the main subject.

———

Create a premium vertical travel postcard-style composition featuring Kyoto, Japan, in a beautiful blue-hour evening atmosphere.

TOP HALF — PHOTOREALISTIC SCENE:
A cinematic, ultra-realistic view of a traditional Kyoto street at dusk. Narrow stone-paved streets lined with authentic wooden machiya houses, warm glowing paper lanterns, elegant Japanese shopfronts, beautiful pink cherry blossom trees, a traditional multi-tiered pagoda in the distance, and Mount Fuji faintly visible beneath a deep blue and lavender evening sky. Soft ambient twilight, warm window lights, subtle mist, peaceful atmosphere, realistic architectural details, natural depth, professional travel photography, cinematic composition. No sun, no sunrise, no sunset, no snow.

Clearly include a naturally hanging Japanese flag 🇯🇵 near a traditional wooden building, integrated realistically into the environment.

BOTTOM HALF — WATERCOLOR POSTCARD:
Recreate the same Kyoto scene as a delicate hand-painted watercolor illustration on warm textured cream paper. Soft watercolor washes, visible paper grain, artistic brush edges, elegant pastel blue, lavender, pink and warm amber tones. Keep the main architecture, pagoda, cherry blossoms, lanterns and Japanese flag recognizable but artistically simplified.

At the bottom center, add elegant handwritten-style typography:

“Kyoto”
“JAPAN”
“🇯🇵”
“2025”

Premium minimalist travel postcard aesthetic, sophisticated editorial design, balanced negative space, authentic Japanese atmosphere, cozy evening mood.

IMPORTANT:
No snow.
No bright sun.
No visible sunset.
No daytime lighting.
Do not copy any existing reference image exactly.
Make the composition visually distinct and original while maintaining the realistic-photo + watercolor-postcard concept.
Vertical 4:5 composition, highly detailed, cinematic, premium travel magazine quality.",images/2098962792904798297_0.jpg | images/2098962792904798297_1.jpg
2103079957484429450,2026-09-24T19:11:49+08:00,Alina_with_Ai,https://x.com/Alina_with_Ai,https://x.com/Alina_with_Ai/status/2103079957484429450,118,en,reply,"Create a vertical editorial scrapbook-style photo composition using the uploaded image as the main subject and preserve the woman’s exact facial identity, hairstyle, black outfit, pose, and overall appearance.

Place the original photorealistic image in the upper section on textured cream paper with slightly torn, irregular edges. Below it, create a second version of the exact same scene as a beautiful hand-painted watercolor and ink artwork, keeping the woman, pose, sunset, stone wall, wet pathway, glowing lanterns, lake, mountains, city, trees, and dramatic orange clouds recognizable and consistent.

The lower watercolor version should have natural watercolor washes, visible paper texture, soft ink outlines, artistic paint bleeding, irregular colorful watercolor splashes around the edges, and a handcrafted premium art-journal aesthetic. Keep the composition elegant and balanced with generous cream-paper space around both images.

At the bottom, add tasteful handwritten-style text reading “Fiery Sunset”, with a thin horizontal line on each side and a small heart underneath. Warm cinematic lighting, highly detailed, realistic upper photo, artistic watercolor lower image, sophisticated Instagram editorial design, vertical 4:5 composition.

———

Create a vertical 4:5 editorial scrapbook composition using the uploaded image as the exact visual reference.

Keep the TOP image completely photorealistic and unchanged in composition: the same woman in the black outfit, same pose, same face, same hairstyle, same sunset, stone pathway, stone wall, glowing lanterns, flowers, mountains, lake, and dramatic orange clouds. Place it on textured cream paper with a subtle irregular torn-paper edge.

Directly BELOW it, create an artistic watercolor-and-ink version of the EXACT SAME IMAGE. The lower image must match the upper photograph precisely in composition, subject position, pose, clothing, facial appearance, background, sunset, pathway, wall, lanterns, flowers, lake, and mountains. Only the artistic medium should change.

Make the lower version look like a real hand-painted watercolor illustration on textured paper: soft watercolor washes, visible brush strokes, delicate ink details, natural paint bleeding, slightly faded edges, and irregular watercolor splashes extending naturally around the image. Do NOT change the woman’s pose or clothing and do NOT invent a different scene.

Use an elegant cream/off-white paper background with generous margins. Keep the upper photograph clearly separated from the lower watercolor artwork.

At the bottom, add elegant handwritten calligraphy reading “Fiery Sunset”, with thin horizontal decorative lines on both sides and a small heart underneath.

Premium artistic journal aesthetic, realistic photography transitioning into watercolor art, warm cinematic tones, highly detailed, clean composition, sophisticated Instagram editorial design, vertical 4:5 format.",images/2103079957484429450_0.jpg | images/2103079957484429450_1.jpg
2107542566191419650,2026-10-07T02:44:38+08:00,churvikv,https://x.com/churvikv,https://x.com/churvikv/status/2107542566191419650,118,en,post,"Hand-cut layered paper artwork of a tranquil sunset over still water. Black paper silhouettes cut from thick textured cardstock are layered over shimmering iridescent foil that glows through every cut-out window.

SKY: a glowing gradient of turquoise, teal and deep cyan blending into warm burnt-gold and amber sunset light at the horizon, the foil surface crinkled and cracked like hammered metal so it sparkles with broken light. Long thin horizontal black streaks of cut paper slice across the sky as stylized clouds.

HORIZON: a solid black silhouette line of low distant hills and rounded trees, with a small simple rowing boat with one thin mast resting just above the waterline at the center.

MIDGROUND: on the left, a row of nine or ten thin black wooden pier posts of uneven height standing in the water; scattered black cattail reeds and grass blades rise along both shores. A narrow band of golden reflected light runs down the water beneath the boat.

FOREGROUND: the water breaks into stacked horizontal cut bands, each a thin black paper strip alternating with a glowing iridescent teal and gold stripe, cascading in gentle perspective toward the bottom edge.

TEXTURE: visible cut-paper edges, slight drop shadows under each layer for real physical depth, fine paper grain, matte black against glossy iridescent foil. Clean, graphic, decorative, serene, no text.",images/2107542566191419650_0.jpg | images/2107542566191419650_1.jpg
2101997367641751808,2026-09-21T19:30:00+08:00,MahnoorAi12,https://x.com/MahnoorAi12,https://x.com/MahnoorAi12/status/2101997367641751808,113,en,reply,"A cinematic fashion-editorial portrait of a young East Asian woman standing partially concealed within tall, windswept green grass in an expansive meadow. She wears a loose, flowing off-white or ivory linen dress that moves softly with the breeze, contrasting gently against the rich natural surroundings.
Her dark hair appears naturally tousled by the wind, with soft strands falling across her face, partially veiling her eyes. Her head is gently lowered, gaze directed downward or slightly to the side, conveying a quiet, dreamy, introspective mood. The tall grass surrounds and partially obscures her figure, creating layered foreground elements, immersive depth, and a sense of visual intimacy.
Wind moves through the grass with subtle motion blur, while the subject remains sharply focused. The environment feels calm, isolated, and poetic, enhanced by a faint atmospheric haze and a muted palette of sage green, deep forest green, and soft neutral tones. Soft overcast daylight provides diffused, shadowless illumination with smooth tonal transitions, low contrast, gentle highlights, and realistic skin rendering.
Shallow depth of field produces creamy bokeh and natural background separation, while fine film grain adds an organic editorial texture. Minimalist composition emphasizing solitude and emotional storytelling. Square 1:1 composition, subject positioned slightly right of center with generous negative space above and around her, balanced visual weight, refined framing, sophisticated Korean and Japanese fashion magazine aesthetic, cinematic realism, highly detailed photorealistic photography, 85mm portrait lens, f/1.8, natural lens compression, ultra-realistic skin texture, premium color grading, atmospheric depth, elegant visual storytelling, award-winning editorial photography, masterfully composed, authentic and emotionally resonant.

———

A cinematic fashion-editorial portrait of a young East Asian man standing partially concealed within tall, windswept green grass in an expansive meadow. He wears a loose, slightly oversized, crisp white button-up shirt that contrasts softly against the rich natural surroundings.
His black hair appears slightly damp, naturally tousled by the wind, with delicate strands falling across his forehead and partially veiling his eyes. His head is gently lowered, gaze directed downward, conveying a quiet, introspective, melancholic mood. The tall grass surrounds and partially obscures his figure, creating layered foreground elements, immersive depth, and a sense of visual intimacy.
Wind moves through the grass with subtle motion blur, while the subject remains sharply focused. The environment feels calm, isolated, and poetic, enhanced by a faint atmospheric haze and a muted palette of sage green, deep forest green, and soft neutral tones. Soft overcast daylight provides diffused, shadowless illumination with smooth tonal transitions, low contrast, gentle highlights, and realistic skin rendering.
Shallow depth of field produces creamy bokeh and natural background separation, while fine film grain adds an organic editorial texture. Minimalist composition emphasizing solitude and emotional storytelling. Square 1:1 composition, subject positioned slightly right of center with generous negative space above and around him, balanced visual weight, refined framing, sophisticated Korean and Japanese fashion magazine aesthetic, cinematic realism, highly detailed photorealistic photography, 85mm portrait lens, f/1.8, natural lens compression, ultra-realistic skin texture, premium color grading, atmospheric depth, elegant visual storytelling, award-winning editorial photography, masterfully composed, authentic and emotionally resonant.",images/2101997367641751808_0.jpg | images/2101997367641751808_1.jpg
2107690033688056029,2026-10-07T12:30:37+08:00,Naiknelofar788,https://x.com/Naiknelofar788,https://x.com/Naiknelofar788/status/2107690033688056029,112,en,post,"A surreal high-fashion editorial artwork where [CITY/LANDMARK] is formed entirely from flowing sound waves, audio frequencies, and rhythmic lines. The soundwaves begin as tiny vibrations at the bottom of the composition and gradually transform into the recognizable architecture of [CITY/LANDMARK].

Different frequencies become different visual elements — thick bass waves create buildings, delicate high-frequency lines create windows and bridges, glowing pulses become streetlights and moving vehicles. Tiny fragments of typography, coordinates, music notes, and abstract symbols float through the waves.

Clean pale background, intense electric colors mixed with subtle metallic textures, dramatic depth, ultra-fine linework, futuristic editorial art, controlled chaos, sophisticated composition, no people, no ordinary skyline illustration, the architecture itself must visibly emerge from the soundwave pattern, striking and instantly recognizable, premium magazine cover aesthetic.",images/2107690033688056029_0.jpg | images/2107690033688056029_1.jpg | images/2107690033688056029_2.jpg
2101870523823345826,2026-09-21T11:05:58+08:00,mehwishkiran07,https://x.com/mehwishkiran07,https://x.com/mehwishkiran07/status/2101870523823345826,111,en,reply,"Create a high-quality vertical editorial collage poster using the uploaded reference images as the exact visual inspiration. Create one cohesive composition featuring the same adult male subject in three different poses and framing styles:
A large upper-body close-up portrait as the main focal point, with the subject looking slightly to the side with a calm, confident expression.
A smaller full-body standing/seated fashion pose placed toward the lower-left area, maintaining natural body proportions and realistic clothing details.
A large artistic close-up portrait placed toward the lower-right area, with a vibrant blue-and-pink duotone lighting effect.
Keep the subject's facial features, hairstyle, hair texture, skin tone, and overall appearance consistent across all three versions. Outfit should remain consistent: dark charcoal/black overshirt worn over a plain white T-shirt, relaxed cream/off-white trousers, white sneakers, and a simple wristwatch.
Use a clean white background with dynamic electric blue and hot pink paint splashes, ink strokes, halftone textures, scattered stars, tiny paint droplets, and energetic graphic elements surrounding the portraits. Blend all three portraits naturally into the paint-splash composition with smooth transitions and subtle halftone fading around the edges.
Add elegant handwritten black typography in the upper-right corner reading exactly: “Good Things Ahead”, followed by a small outlined heart underneath. Keep the typography stylish, handwritten, and clearly readable.
Overall aesthetic: modern AI editorial poster, premium fashion campaign, vibrant pop-art collage, photorealistic subject, cinematic portrait photography, high detail, sharp facial features, realistic skin texture, professional graphic design, balanced composition, clean white negative space, blue and pink color contrast, 4K quality.
Important: Keep all three versions of the same person visually consistent. Do not change the face, hairstyle, clothing style, or identity between poses. Preserve realistic anatomy, natural hands, realistic eyes, and accurate proportions. No extra people, no duplicated limbs, no distorted face, no unwanted text, no watermark.",images/2101870523823345826_0.jpg | images/2101870523823345826_1.jpg
2107784613708136595,2026-10-07T18:46:27+08:00,Diplomeme,https://x.com/Diplomeme,https://x.com/Diplomeme/status/2107784613708136595,106,en,post,"H&M — “NEW UNIFORM” I researched H&M’s current brand/visual system first. The strongest identifiable elements are H&M red + black/white, a bold fashion-led typographic system, dramatic in-the-moment photography, and H&M’s own type family. H&M’s published style guide specifically emphasizes dramatic contrast, captivating in-the-moment/action photography, while its typography system uses IBM Plex Sans for supporting copy and a condensed headline face for impact. H&M also maintains proprietary fonts including HMSans, HMSerif, HM Amperserif and HMMove. So unlike the MANGO direction, this should be more energetic, graphic, youthful and high-contrast rather than Mediterranean/minimal. ⸻ PROMPT — H&M “NEW UNIFORM” FORMAT Ultra-Premium H&M Fashion SMM Promotional Poster Vertical 4:5 Instagram Hero Creative Global Fashion Retail Campaign Contemporary Fashion Advertising Commercial Fashion Graphic Design Agency-Level Art Direction Behance Front Page Quality 8K UHD Hyper-Realistic Fashion × Graphic Design × Street Culture Fusion High-Impact Visual Communication Zero AI Slop Zero Generic Fast-Fashion Advertising Zero Catalogue Aesthetic Zero Luxury-Copycat Aesthetic ⸻ CORE STRATEGY This is not simply a clothing advertisement. This is H&M turned into a visual statement. The campaign should communicate: fashion moves fast. culture moves faster. H&M should feel: accessible + expressive + contemporary + youthful + global + confident. The visual language should combine: H&M fashion campaign × editorial magazine × street-culture poster × high-fashion graphic design × digital-first social advertising The result should feel unmistakably H&M, not Zara, Mango, COS or a generic luxury fashion brand. H&M’s own published style direction emphasizes dramatic contrast and in-the-moment photography, so the photography should feel alive rather than static. ⸻ CAMPAIGN IDEA “NEW UNIFORM” Forget traditional uniforms. This is: THE UNIFORM OF NOW. The clothes represent the constantly changing identity of a new generation. One day: minimal. Next day: street. Next: tailored. Next: experimental. H&M becomes the wardrobe that keeps up. The campaign message: THE UNIFORM CHANGES. YOU DON’T HAVE TO. ⸻ MASTER VISUAL Create an enormous typographic structure reading: H&M The typography should occupy approximately 60–70% of the entire composition. But unlike the MANGO concept, the H&M typography should feel: bold compressed graphic energetic slightly disruptive The giant H&M lettering can be: partially cropped, stacked, repeated, layered, hidden behind the model, intersected by red graphic blocks, cut by diagonal photographic frames, and pushed beyond the canvas. The typography should feel like a physical poster installation, not simple text. ⸻ HERO SUBJECT Young female fashion model. Contemporary global fashion appearance. Natural skin texture. Strong expressive face. Minimal but polished makeup. Confident expression. No artificial influencer smile. No exaggerated luxury pose. The model should feel like someone who actually belongs in the city. Youthful. Self-assured. Energetic. Culturally aware. ⸻ WARDROBE Create a contemporary H&M fashion look. HERO LOOK Oversized black leather-effect bomber jacket. Crisp white fitted tank. Relaxed wide-leg grey trousers. Chunky black footwear. Small silver jewelry. Structured mini shoulder bag. Subtle red accessory detail. Layered styling. The clothing should feel: accessible fashion elevated through styling. Not couture. Not runway costume. Not quiet luxury. Not excessive branding. The clothes should look genuinely wearable. ⸻ POSE / MOVEMENT The model is captured mid-stride. One foot forward. Jacket moving naturally. Hair slightly moving. Body turned approximately 15 degrees. Direct eye contact. One hand adjusting the jacket. Other hand relaxed. The image should feel like a moment captured rather than a pose performed. This directly aligns with H&M’s published preference for dramatic, in-the-moment/action-oriented imagery. ⸻ COMPOSITION TYPOGRAPHY 60–70% MODEL 20–25% GRAPHIC / PROMOTIONAL INFORMATION 10–15% Visual hierarchy: H&M ↓ NEW UNIFORM ↓ MODEL ↓ COLLECTION INFORMATION ↓ CTA Create strong visual tension between the model and typography. The model should partially cover the giant letters. ⸻ H&M COLOR SYSTEM PRIMARY H&M RED Strong saturated red. Use approximately: #E50010 as the primary visual reference. BLACK #000000 Used for: typography, fashion, graphic blocks, borders, micro typography. WHITE #FFFFFF Used for: negative space, copy, graphic panels, background areas. The recognizable H&M visual palette is strongly associated with red, black and white. ⸻ COLOR RATIO 60% White / light neutral 20% Black 15% H&M Red 5% photographic natural tones The red should be strategic, not flooding the entire poster. Use red as a visual trigger. Red graphic rectangle. Red typography. Red edge strip. Red accessory. Red CTA. The eye should naturally travel toward the red elements. ⸻ BACKGROUND Create a contemporary urban studio environment. White architectural walls. Concrete floor. Large geometric panels. Sharp sunlight. Hard shadows. One massive H&M red architectural block. Black graphic planes. Subtle paper/poster texture. The environment should feel halfway between: fashion studio and urban billboard installation. No recognizable city. No distracting scenery. No luxury hotel. No generic streetwear alley. The graphic environment itself should create the H&M world. ⸻ GRAPHIC DESIGN SYSTEM Create an aggressive but controlled editorial grid. Use: bold horizontal rules, vertical lines, red rectangles, black blocks, oversized numerals, micro typography, cropped type, collection codes, thin borders, small directional arrows, photographic crop windows. Introduce a subtle poster-within-poster system. For example: a small secondary campaign image appears inside a red frame. Beside it: 01 / 04 NEW SEASON H&M WOMEN This gives the composition the feeling of a sophisticated global fashion campaign rather than a basic Instagram advertisement. ⸻ TYPOGRAPHY SYSTEM Use H&M’s established typographic character rather than generic fashion fonts. PRIMARY HEADLINE Condensed, uppercase, bold display typography inspired by H&M’s headline system. Extremely large scale. Tight leading. Minimal tracking. Hard geometric presence. H&M’s published style guide identifies a condensed caps-only headline typeface for high-impact headlines, while IBM Plex Sans is used for longer supporting copy. SUPPORTING COPY Clean grotesk / sans-serif. IBM Plex Sans-style characteristics. Highly readable. Neutral. Modern. ⸻ TOP LEFT Small official-style H&M logo placement. Below: FASHION FOR EVERYONE Very small. Do not compete with the hero typography. Preserve generous clear space around the logo. H&M’s published logo guidance stresses maintaining clear space and avoiding distortion or unsuitable treatment. ⸻ GIANT CENTER TYPOGRAPHY Massive: H&M Then layered behind it: NEW UNIFORM The giant H&M lettering should extend outside the frame. Crop: left side, top, right side. The typography should physically interact with the model. ⸻ CAMPAIGN TITLE Lower-left: NEW UNIFORM Use extremely bold condensed uppercase typography. Make UNIFORM substantially larger than NEW. Add a small red underline. ⸻ SUPPORTING COPY THE UNIFORM OF NOW. Secondary line: Designed for whatever comes next. Keep it short. No paragraph. No unnecessary marketing copy. ⸻ COLLECTION INFORMATION Small structured block: H&M WOMEN AUTUMN / WINTER 2026 COLLECTION 01 NEW SEASON FASHION / ESSENTIALS / STREET Use micro typography. ⸻ PROMOTIONAL STRIP Create a thin H&M red horizontal block containing: NEW ARRIVALS TRENDING NOW ONLINE EXCLUSIVE MEMBERS FIRST ACCESS White uppercase typography. The strip should feel integrated into the grid. Not like a sale banner. ⸻ CTA Bottom-right: SHOP NOW → Black rectangular button. White typography. Underneath: Explore the new collection Keep the button compact. ⸻ PRICE Bottom-right corner: FROM ₹999 Large enough to be commercially readable. But secondary to the fashion statement. Do not make the poster look like a discount advertisement. ⸻ BOTTOM FEATURE STRIP Thin black rule. Then: WOMEN / MEN / KIDS / DENIM / TRENDING / NEW ARRIVALS Centered beneath: ⸻ VERTICAL EDGE TEXT Right edge: H&M / AW26 Rotated vertically. Small. Precise. ⸻ RED GRAPHIC DEVICE Create one enormous H&M-red rectangle behind the model. Inside the rectangle: 02 Large black number. Underneath: THE NEW EVERYDAY This becomes the campaign’s visual signature. The red block should feel almost like a piece of Swiss graphic design translated into contemporary fashion advertising. ⸻ PHOTOGRAPHIC STYLE High-energy fashion photography. Dramatic contrast. Sharp moment. Natural movement. Hard directional light. Deep shadows. Bright whites. Saturated H&M red. Natural skin. Realistic fabric. Subtle motion in clothing. H&M’s published style guide specifically calls for dramatic contrast and captivating in-the-moment imagery, with action shots as the primary photographic direction. ⸻ LIGHTING Large directional studio source. Strong side lighting. Controlled hard shadows. Bright white highlights. Deep black clothing separation. Red surfaces receiving rich saturated light. Natural skin exposure. No beauty-dish glamour. No soft luxury haze. No excessive bloom. No artificial neon. ⸻ CAMERA ARRI Alexa Mini LF 50mm fashion/editorial lens Slightly low camera angle. Full-body composition. Fast-fashion campaign energy. Moderate depth of field. Extremely sharp clothing texture. Natural movement. High dynamic range. Premium commercial fashion photography. ⸻ POST-PRODUCTION Contemporary global fashion campaign grading. Clean whites. Deep blacks. Highly saturated controlled red. Natural skin tones. Subtle film grain. Visible textile texture. Crisp typography. Sharp graphic edges. Controlled contrast. No excessive retouching. No plastic skin. No artificial HDR. No fake luxury glow. No cinematic teal-orange grade. No excessive grain. ⸻ BRAND SAFETY / CONSISTENCY The final visual must immediately read as: H&M without relying solely on the logo. Brand recognition should come from: red / black / white bold condensed typography dramatic in-motion photography accessible contemporary styling graphic campaign language youthful global fashion energy strong commercial communication Do not make it resemble: ZARA’s restrained editorial minimalism. MANGO’s Mediterranean warmth. COS’s architectural minimalism. Prada’s intellectual luxury. Louis Vuitton’s heritage luxury. The visual identity must remain H&M. ⸻ FINAL FEEL If: H&M × a global fashion magazine × a contemporary graphic design studio × street culture × a giant urban billboard created one campaign together. Not a catalogue. Not a generic fast-fashion ad. Not a luxury fashion imitation. Not a simple red-and-white poster. A high-impact H&M campaign where typography, movement, fashion and graphic design become one visual system. Vertical 4:5 — 8K UHD — hyper-realistic — dramatic in-the-moment fashion photography — H&M red/black/white palette — oversized condensed typography — precise editorial grid — realistic human anatomy — natural skin — detailed fabrics — accurate H&M branding treatment — crisp readable typography — premium commercial photography — agency-level art direction — Instagram hero creative — Behance front-page quality — print-ready.",images/2107784613708136595_0.jpg | images/2107784613708136595_1.jpg
2103084005600137423,2026-09-24T19:27:55+08:00,Arzoo12sh,https://x.com/Arzoo12sh,https://x.com/Arzoo12sh/status/2103084005600137423,105,en,reply,"Prompt:1

A professional portrait of a stylish young woman sitting casually in a luxurious black leather Eames lounge chair with her hands behind her head, smiling at the camera. She has long brown hair and is wearing a sleek black suit jacket, white shirt, black trousers, and high-heeled black boots. In the background, large glowing 3D golden neon letters spell out the name ""EMAD"". Inside each letter, there is a different portrait photo of the same woman wearing various outfits and poses. Set in a dark, luxury studio environment with glossy reflective marble floors and warm ambient cinematic lighting. Ultra-realistic, 8k resolution, high quality.

———

Prompt:2

 A professional portrait of a young Asian man sitting casually in a luxurious black leather Eames lounge chair with his hands behind his head, smiling. He is wearing a black suit jacket, white shirt, black trousers, and shiny black dress shoes. In the background, there are large, glowing 3D golden neon letters spelling out ""EMAD"". Inside each letter, there is a portrait photo of a man in different professional outfits and poses. The scene is set in a dark, ultra-luxurious studio with reflective dark marble flooring and warm cinematic lighting. 8k resolution, highly detailed, realistic photo.",images/2103084005600137423_0.jpg | images/2103084005600137423_1.jpg
2097442532980634096,2026-09-09T05:50:43+08:00,TimJayas,https://x.com/TimJayas,https://x.com/TimJayas/status/2097442532980634096,104,en,post,"OpenAI just dropped image 2.5 so i gave the same prompt to both new and old models to check the improvements

image 2.5 has clearly improved with richer textures and sharper details, plus it's almost 2x faster against image 2 model now

though i noticed it tends to have slightly more visual noise in complex scenes

what do you think?",images/2097442532980634096_0.jpg
2103456505643287033,2026-09-25T20:08:05+08:00,Alina_with_Ai,https://x.com/Alina_with_Ai,https://x.com/Alina_with_Ai/status/2103456505643287033,103,en,reply,"Create an ultra-realistic cinematic golden-hour portrait of a young woman sitting alone at a rustic wooden table inside an old, weathered room.

She has naturally beautiful features, warm medium skin, long dark slightly messy hair falling loosely around her shoulders, with soft strands framing her face. She wears an oversized black/dark charcoal knit sweater. Her pose is relaxed and introspective: one elbow rests on the table, her hand gently supports her cheek, and she gazes toward the side with a quiet, dreamy, slightly melancholic expression.

Warm late-afternoon sunlight streams through an unseen window, creating soft golden illumination and subtle rectangular window shadows across the aged, textured plaster wall behind her. The sunlight gently highlights her cheekbones, nose, lips, and loose strands of hair while the rest of the room remains deep and atmospheric.

The environment is an old vintage interior with cracked plaster walls, faded artwork and small photographs pinned casually to the wall, an aged wooden doorframe, worn wooden furniture, a stack of old books on the table, and a simple vintage ceramic coffee cup in the foreground.

Composition: intimate medium portrait, woman positioned slightly off-center, camera at eye level, natural candid photography, shallow depth of field, softly blurred background and foreground. Strong cinematic light and shadow, warm amber and brown color palette, subtle underexposure, realistic skin pores and texture, individual hair strands, natural facial imperfections.

Shot on a 35mm film camera, vintage analog photography, soft Kodak film grain, cinematic color grading, natural lens imperfections, gentle bloom, realistic volumetric sunlight, atmospheric shadows, high dynamic range, editorial photography, photorealistic, ultra-detailed, 8K quality, vertical 4:5 composition.

No text, no watermark, no logo, no artificial-looking skin, no excessive makeup, no CGI appearance.

———

Create an ultra-realistic cinematic portrait of a young woman sitting on the floor beside an old textured wall during golden hour. She has naturally beautiful features, warm medium skin, long dark slightly messy hair loosely tied into a low bun with soft strands framing her face. She is wearing an oversized dark charcoal/black knit sweater and loose beige trousers.

She sits with her knees drawn toward her chest, arms resting casually around her legs, looking slightly to the side with a quiet, thoughtful and melancholic expression. Warm late-afternoon sunlight enters through a nearby window, creating a dramatic rectangular window-frame shadow across the aged plaster wall and partially across her face and body.

The room feels old, rustic and intimate, with weathered walls, subtle imperfections, a small stack of old books and a simple ceramic cup visible in the dim background. Strong contrast between warm sunlight and deep shadows, soft atmospheric darkness, natural skin texture, realistic hair strands, subtle facial details.

Photographed like a high-end editorial film still, 35mm photography, cinematic composition, shallow depth of field, soft film grain, muted earthy brown and amber tones, natural volumetric sunlight, realistic shadows, soft highlights, slightly underexposed surroundings, nostalgic analog photography aesthetic, Kodak film look, HDR, ultra-detailed, photorealistic, 8K, vertical 4:5 composition.",images/2103456505643287033_0.jpg | images/2103456505643287033_1.jpg
2101514981841961338,2026-09-20T11:33:10+08:00,mehwishkiran07,https://x.com/mehwishkiran07,https://x.com/mehwishkiran07/status/2101514981841961338,100,en,reply,"Create an ultra-realistic full-body fashion portrait of a young woman standing casually in a minimalist studio environment. She has long, naturally tousled dark brown hair, soft expressive eyes, delicate facial features, and a gentle confident smile while looking slightly upward and to the side.

She is wearing a relaxed oversized brown utility jacket over a plain off-white T-shirt, loose-fitting light-wash blue jeans, and clean white low-top sneakers. A black backpack is worn over one shoulder, with one hand naturally holding the backpack strap and the other hand casually placed inside her jeans pocket. She is leaning casually against a tall rectangular beige concrete pedestal, with one leg crossed naturally over the other.

Around her, several blurred versions of the same woman are walking quickly from both sides, creating a strong long-exposure motion-blur effect. The central woman remains perfectly sharp and in focus while the surrounding moving figures are heavily motion blurred.

Warm beige monochromatic studio background, matching beige floor and pedestal, soft cinematic lighting, subtle shadows, natural skin texture, realistic fabric details, authentic denim texture, realistic hair strands, shallow depth of field, professional fashion photography, editorial street-style aesthetic, balanced composition, soft warm color grading, highly detailed, photorealistic, 8K resolution, HDR, realistic proportions, natural pose, cinematic depth, no text, no watermark.

———

Create an ultra-realistic full-body fashion editorial portrait of a young man sitting casually on a tall rectangular beige concrete pedestal in a minimalist warm-toned studio.

The young man has thick, naturally tousled dark brown wavy hair, youthful masculine facial features, clear natural skin, expressive eyes, and a calm, thoughtful expression. He is looking slightly to the side, away from the camera, with a relaxed and confident demeanor.

He is wearing a loose black charcoal overshirt with the sleeves casually rolled up, layered over a simple off-white crew-neck T-shirt. He wears relaxed wide-leg cream/off-white trousers and clean white chunky low-top sneakers. A classic dark wristwatch is visible on his wrist.

His pose is natural and relaxed: seated on the beige pedestal with one leg bent and crossed slightly forward, both hands resting casually near his knees, shoulders relaxed, creating an effortless modern street-fashion aesthetic.

Several blurred duplicates of the same man are walking quickly across the background from both sides. The central subject remains completely sharp and crisp while the surrounding figures have strong horizontal motion blur, creating a long-exposure photography effect and a sense of movement.

Minimalist monochromatic beige studio environment with a warm beige wall and matching floor, soft diffused studio lighting, subtle realistic shadows, warm neutral color palette, cinematic atmosphere, shallow depth of field, realistic skin texture, detailed hair strands, natural fabric folds, authentic clothing textures, realistic proportions.

Professional high-end fashion photography, editorial streetwear aesthetic, cinematic composition, centered subject, full-body framing, realistic depth, soft warm color grading, photorealistic, ultra-detailed, 8K, HDR, natural lighting, no text, no logo, no watermark.",images/2101514981841961338_0.jpg | images/2101514981841961338_1.jpg
2107464677978726696,2026-10-06T21:35:08+08:00,MissDelulu9,https://x.com/MissDelulu9,https://x.com/MissDelulu9/status/2107464677978726696,100,en,post,"Candid cinematic iPhone night street portrait of a young woman in Japan, long wavy dark-brown hair with a thin side braid, natural makeup and a subtle smile. She wears a fitted burgundy sleeveless tank top, light-wash loose straight-leg jeans, and a black leather shoulder bag. Quiet Japanese city street with tiled walls, crosswalks, utility poles, glowing signs, apartment buildings, and soft streetlights. Warm ambient lighting mixed with cool city lights, natural skin texture and realistic pores, shallow depth of field, soft bokeh, realistic shadows, slight digital grain, authentic low-light smartphone photography, documentary lifestyle aesthetic, spontaneous candid feeling, natural proportions, realistic hair strands, 35mm equivalent look, ultra-realistic, vertical 9:16.",images/2107464677978726696_0.jpg | images/2107464677978726696_1.jpg
2102691221764477093,2026-09-23T17:27:08+08:00,KrishnaBio1,https://x.com/KrishnaBio1,https://x.com/KrishnaBio1/status/2102691221764477093,96,en,reply,"Create a premium vertical 9:16 luxury travel artwork by seamlessly combining all three uploaded reference images into one cohesive visual story.

Show the same stylish woman traveling through three iconic destinations:
1. Paris — elegant Parisian streets with the Eiffel Tower, beige sophisticated outfit, black sunglasses and luxury city-walk atmosphere.
2. Dubai — modern waterfront promenade with Burj Khalifa, soft neutral modest outfit with a flowing scarf, warm upscale atmosphere.
3. Sydney — Sydney Opera House beside the waterfront, casual white top, light blue jeans, sneakers and relaxed summer-travel mood.

Blend all three destinations together with elegant watercolor splash transitions, soft artistic paint textures, subtle paper details and realistic photographic elements. Keep the woman’s appearance, facial identity, proportions and styling natural and consistent throughout the three scenes.

Luxury travel editorial aesthetic, cinematic natural lighting, premium composition, soft pastel tones, realistic details mixed with artistic watercolor, clean elegant background, sophisticated lifestyle photography, high-end travel magazine design, ultra-detailed, sharp subject, balanced composition, 8K quality.

Add a tasteful handwritten-style title near the bottom:
“WANDER • DREAM • DISCOVER”

Make the final image feel like one beautiful international travel story rather than three unrelated pictures.",images/2102691221764477093_0.jpg | images/2102691221764477093_1.jpg | images/2102691221764477093_2.jpg
2104159264185127226,2026-09-27T18:40:36+08:00,Diplomeme,https://x.com/Diplomeme,https://x.com/Diplomeme/status/2104159264185127226,94,en,reply,"PROMPT 01 — ZARA × RED DESERT

ZARA high-fashion environmental campaign, 4:5 vertical, 8K ultra-photorealistic editorial photography.

A confident adult female fashion model wearing a sophisticated contemporary Zara outfit: sculptural cream oversized blazer, flowing red trousers, minimalist black heels and subtle accessories.

She stands alone in a vast surreal RED DESERT landscape at golden hour. Monumental vermilion rock formations rise around her, enormous smooth red dunes create sweeping curves across the landscape, and a minimalist brutalist red concrete structure emerges naturally from the terrain.

The entire environment is built around a controlled palette of crimson red, vermilion, burnt orange, warm cream and natural skin tones.

Strong golden sunlight creates dramatic long shadows. Wind gently moves the fabric of the outfit. Fine desert dust is visible in the distance. The clothing remains perfectly realistic with detailed fabric fibers, stitching, natural folds and believable movement.

Wide environmental composition, model relatively small within the enormous landscape, powerful sense of scale, sophisticated fashion editorial composition, medium-format camera, 50mm lens, realistic atmospheric perspective, premium commercial retouching.

Small restrained ZARA wordmark in the upper-left.

Headline:
“OWN THE MOMENT”

Minimal editorial typography.

No product-grid layout, no sale messaging, no excessive logo, no CGI appearance, no fantasy effects, no plastic skin, no distorted anatomy, no excessive HDR, no generic fashion photography.

ZARA × contemporary art × desert architecture × bold environmental fashion photography.

PROMPT 02 — ZARA × TROPICAL BLUE

ZARA high-fashion environmental campaign, 4:5 vertical, 8K ultra-photorealistic photography.

An adult male fashion model wearing a contemporary Zara outfit: vivid cobalt-blue oversized shirt, relaxed ivory trousers, sculptural black shoes and minimal accessories.

The model stands inside an extraordinary tropical botanical environment after rainfall.

Huge emerald-green leaves surround a vivid cobalt-blue modernist pavilion. Bright turquoise water runs through the environment, tropical flowers introduce controlled coral and magenta accents, and wet stone surfaces create beautiful natural reflections.

The environment is intentionally bold and colorful but sophisticated.

Color palette:
COBALT BLUE × EMERALD GREEN × TURQUOISE × CORAL × IVORY.

The model walks naturally through shallow reflective water while the oversized shirt moves gently in the humid breeze.

Wet vegetation contains realistic water droplets. Sunlight breaks through the foliage, creating natural highlights and shadows across the model and environment.

High-fashion editorial photography, medium-format camera, 35mm environmental lens, realistic skin texture, authentic fabric behavior, natural anatomy, physically accurate reflections, realistic tropical vegetation, premium commercial retouching.

The environment must feel like a real architectural location photographed in a tropical landscape, not a CGI fantasy world.

Minimal ZARA wordmark in the upper-right.

Small headline:
“COLOUR IN MOTION”

No giant typography, no ecommerce layout, no fake neon, no floating objects, no fantasy plants, no artificial glow, no excessive saturation, no AI-looking skin.

ZARA × tropical architecture × contemporary color theory × environmental fashion editorial.

PROMPT 03 — ZARA × ORANGE CITY

ZARA high-fashion environmental campaign, 4:5 vertical, 8K ultra-photorealistic fashion photography.

An adult female fashion model wearing a striking contemporary Zara look: deep-black structured blazer, vivid orange flowing skirt, black leather boots and minimal jewelry.

She stands in the middle of a monumental contemporary city completely dominated by ELECTRIC ORANGE architecture.

Massive orange buildings, geometric staircases, curved concrete walls, sculptural bridges and enormous orange columns surround the model.

The sky is an intense deep cobalt blue during early evening, creating a dramatic complementary color relationship.

Color palette:
ELECTRIC ORANGE × COBALT BLUE × BLACK × OFF-WHITE.

The model is the only person in the immediate environment.

A strong architectural perspective creates enormous depth. Long shadows fall across the orange pavement. The flowing orange garment catches a subtle breeze and visually connects with the surrounding architecture.

The environment should feel like a real contemporary city installation photographed at the perfect moment.

Natural human skin texture, realistic hair, authentic textile fibers, precise tailoring, realistic garment folds, accurate shadows, realistic architectural materials, subtle atmospheric depth.

Camera: medium-format fashion camera, 50mm lens, high dynamic range, professional editorial lighting, natural highlight roll-off, premium fashion retouching.

Small ZARA wordmark positioned in the upper-left.

Minimal headline:
“MAKE AN ENTRANCE”

Tiny secondary text:
“NEW COLLECTION”

Typography must remain secondary to the photograph.

No cyberpunk aesthetic, no neon signs, no CGI architecture, no fantasy city, no excessive lens flare, no distorted anatomy, no plastic skin, no generic streetwear aesthetic, no clutter, no oversized branding.

ZARA × bold color blocking × monumental urban environment × contemporary fashion photography.",images/2104159264185127226_0.jpg | images/2104159264185127226_1.jpg | images/2104159264185127226_2.jpg
2100904092621328893,2026-09-18T19:05:43+08:00,Alina_with_Ai,https://x.com/Alina_with_Ai,https://x.com/Alina_with_Ai/status/2100904092621328893,92,en,reply,"Create a photorealistic cinematic editorial photograph of a young adult man standing confidently at the exact center of a large outdoor urban plaza with tiled pavement. He has short dark hair, a clean-shaven face, a subtle natural smile, and is looking directly at the camera. He is wearing a simple bright red crewneck sweatshirt, loose black pants, and clean white sneakers, with both hands casually inside his pockets.
Surround the central man with multiple identical versions of the same man wearing the exact same red sweatshirt, black pants, and white sneakers. The surrounding duplicates are walking naturally in different directions, captured with realistic motion blur, while the central subject remains completely sharp and perfectly in focus.
Create a convincing long-exposure / time-slice photography effect, as if many versions of the same person are moving around one stationary subject. Keep the central person's face, hairstyle, clothing, body proportions, and facial features consistent with the reference image.
Camera positioned at a slightly elevated overhead angle, centered composition, realistic perspective, warm late-afternoon sunlight, natural shadows, detailed tiled pavement, cinematic depth of field, subtle film grain, professional fashion photography, ultra-realistic skin and fabric textures, realistic motion blur, 4K detail.
Important: The central subject must remain sharp and unobstructed. Every surrounding duplicate should clearly appear to be the same person. No distorted faces, extra arms, extra legs, fused bodies, warped clothing, unnatural poses, or duplicated body parts. Vertical 4:5 composition.

———

Create a photorealistic editorial street-fashion photograph of a young blonde woman standing confidently in the center of a large urban tiled plaza. She has long, wavy golden-blonde hair and a natural, attractive expression, looking directly at the camera. She is wearing an oversized bright pink sweatshirt, loose black wide-leg pants, and white sneakers, with both hands casually inside her sweatshirt pockets.

Surround her with multiple identical versions of the same woman wearing the exact same outfit, walking naturally in different directions around her. The central woman is perfectly sharp and in focus, while the surrounding duplicate figures have realistic motion blur, creating a dynamic long-exposure photography effect. Maintain realistic human proportions, natural walking poses, authentic shadows and lighting.

Shot from a slightly elevated angle, cinematic composition, warm natural daylight, shallow depth of field, realistic urban architecture and pavement textures, professional fashion photography, subtle film grain, high detail, photorealistic, 4K.

Important: Keep the central subject clearly visible and sharp. Make every duplicate look like the same person, with consistent facial features, hairstyle, clothing and body proportions. No distorted faces, extra limbs, duplicated body parts, warped clothing, or unnatural poses. Vertical 4:5 composition.",images/2100904092621328893_0.jpg | images/2100904092621328893_1.jpg
2107803591281168600,2026-10-07T20:01:51+08:00,mehwishkiran07,https://x.com/mehwishkiran07,https://x.com/mehwishkiran07/status/2107803591281168600,89,en,reply,"A whimsical miniature world built around a giant freshly cut red apple in an apple orchard. The enormous apple is sliced perfectly in half and standing upright, revealing its creamy golden-white flesh, central core, seeds, and wooden stem. Tiny miniature apple farmers are actively harvesting and cutting the apple: some workers are climbing wooden ladders, others are standing on the apple’s surface slicing small apple pieces with knives, while others collect the freshly cut apple chunks into woven wicker baskets and rustic wooden crates. Several tiny farmers wear colorful work clothes, hats, boots, and overalls, creating a charming handcrafted miniature farming scene.
Surround the giant apple with a lush apple orchard filled with red apples, green leaves, branches, grass, fallen apple pieces, wooden crates, baskets, and tiny farming tools. Warm golden sunlight shines through the trees, creating a magical cinematic atmosphere with soft glowing bokeh in the background.
Create two visual treatments of the same scene: the first as an ultra-realistic cinematic miniature photography scene with realistic textures, detailed workers, glossy red apple skin, natural lighting, shallow depth of field and macro photography; the second as a beautiful vintage watercolor illustration / handmade travel scrapbook artwork, painted on warm textured cream paper, with delicate watercolor washes, visible brush strokes, colorful paint splashes, soft botanical apple branches, artistic imperfections, and a cozy storybook aesthetic.
The composition should feel charming, imaginative, nostalgic, and handcrafted, like a premium illustrated children's storybook or vintage travel scrapbook. Highly detailed miniature characters, realistic proportions, intricate baskets and wooden ladders, warm autumn color palette, soft natural shadows, cinematic depth, beautiful composition, vertical poster layout, centered subject, clean cream paper border.
At the bottom of the watercolor version, add elegant minimalist typography reading “SWEET MOMENTS” and underneath “LIFE”, with refined black serif lettering and generous spacing.
Photorealistic miniature photography + whimsical fantasy + vintage watercolor illustration + premium scrapbook aesthetic + ultra-detailed + warm golden lighting + macro depth of field + highly intricate textures.

———

A whimsical miniature fantasy scene featuring a gigantic ripe red strawberry growing in a lush green strawberry field. The strawberry is enormous, perfectly centered, with highly detailed glossy red skin covered in hundreds of tiny yellow seeds and fresh green leaves on top. A short brown stem rises from the center.
Surrounding the giant strawberry are five tiny miniature farm workers wearing dark navy work clothes, orange safety helmets, and work boots. They are working around the strawberry as if maintaining and harvesting it. Two workers are climbing tall wooden ladders on both sides of the strawberry, carefully working near its surface. Another worker stands halfway up the right ladder, while another works near the bottom using a small gardening tool. The tiny human scale compared with the enormous strawberry creates a magical miniature-world effect.
The strawberry sits directly on rich dark soil surrounded by tiny green strawberry plants, grass, leaves, and natural ground details. The background is a beautiful softly blurred green agricultural field with warm golden sunlight streaming from above, creating glowing rays, atmospheric haze, creamy bokeh, and a dreamy cinematic mood.
Ultra-realistic macro photography, photorealistic miniature diorama, highly detailed strawberry texture, realistic tiny workers, intricate wooden ladders, natural soil and vegetation, cinematic depth of field, soft background blur, warm golden-hour lighting, volumetric sun rays, realistic shadows, vibrant natural colors, magical scale contrast, whimsical fantasy realism, premium AI art.
Then create a second version in a vintage watercolor scrapbook illustration style using the exact same composition and characters. Place the scene on textured warm cream watercolor paper, surrounded by loose watercolor splashes of orange, yellow, green, and earthy tones. Add soft painted foliage and an artistic sunset circle behind the strawberry, with visible watercolor brush strokes, subtle paper grain, handmade imperfections, and an elegant nostalgic storybook aesthetic.
At the bottom of the watercolor version, add elegant minimalist serif typography:
“SWEET MOMENTS”
“LIFE”
Vertical composition, centered subject, premium editorial scrapbook poster, charming miniature fantasy, highly detailed, cinematic realism blended with delicate watercolor art.",images/2107803591281168600_0.jpg | images/2107803591281168600_1.jpg
2097571772904386607,2026-09-09T14:24:16+08:00,Mayz1169,https://x.com/Mayz1169,https://x.com/Mayz1169/status/2097571772904386607,86,en,reply,"Here's my prompt:

Turn the pet in my uploaded reference image into an adorable pixel-art sprite with a subtle, seamless looping animation.

PET REFERENCE
Use the uploaded image as the visual reference. Preserve the pet’s species, recognizable colors, markings, body shape, eye color, and distinctive features, including any visible accessories.

Adapt the pet into cute chibi proportions while keeping its natural anatomy recognizable. Preserve species-appropriate legs, paws, wings, fins, tails, ears, shells, or other features. Do not add limbs or features the animal does not have. Do not turn the pet into a human-shaped character or default to a cat-like design.

If the reference is cropped, infer the missing body details naturally from the visible animal. If multiple pets appear, use the most prominent pet unless I specify otherwise.

STYLE
Create crisp, charming pixel art with clearly defined square pixels, clean outlines, gentle shading, and a cohesive limited palette.
Use expressive features appropriate to the animal.
No blurry edges, smooth vector styling, photorealistic rendering, or anti-aliased outlines.

POSE AND ANIMATION
Create 16 consecutive frames of one gentle, species-appropriate idle animation.

Choose a comfortable resting, standing, perched, or hovering pose that suits this pet’s anatomy. Prefer a front-facing or slight three-quarter view that shows its recognizable features.

Include:
- A subtle breathing or resting motion appropriate to the species.
- One small secondary motion, such as an ear twitch, tail sway, feather settling, antenna movement, or gentle fin movement.
- One brief natural blink only if the species has movable eyelids.

Choose only movements that make sense for this animal. Animals without movable eyelids must not blink. Do not force paw gestures, sitting poses, or mammal-like expressions onto other species.

Keep the animation restrained and readable:
- Keep the pet in the same position.
- Anchor feet or other contact points for grounded animals.
- For swimming or hovering animals, keep the body centered with minimal drift.
- Keep the anatomy, markings, accessories, proportions, camera angle, and scale consistent.
- No walking, turning, large gestures, camera movement, or scene changes.
- Make the last frame transition smoothly back to the first.

SPRITE SHEET
Arrange the 16 frames in exactly 4 columns × 4 rows, ordered left to right, top to bottom.

Canvas: 1024 × 1024 pixels.
Each cell: 256 × 256 pixels.

Use identical alignment, a fixed body anchor, and a consistent baseline across all cells.
Choose a scale that accommodates the pet’s widest animation pose.
Keep the entire pet inside each cell, with at least 16 pixels of transparent padding on every side, including around moving tails, wings, fins, ears, and accessories.

These are consecutive frames of the SAME pet, not separate character variations.
No overlapping cells, grid lines, labels, text, or watermarks.

TRANSPARENCY
Use a genuinely transparent RGBA background with alpha zero outside the pet.
Do not draw a checkerboard or add a solid background, scenery, floor, water, or cast shadow.
Preserve white and pale details inside the pet.

If background removal is necessary, use a careful foreground mask. Do not globally erase a color that also appears in the pet’s body, markings, or accessories.

DELIVERABLES
Complete the actual files, not just instructions:

1. A transparent 4 × 4 PNG sprite sheet at 1024 × 1024 pixels.
2. A transparent animated GIF of the single pet, using all 16 frames at 256 × 256 pixels, looping forever with a 2.4-second cycle: 150 milliseconds per frame.
3. A ZIP containing all 16 individual transparent PNG frames, named frame_01.png through frame_16.png in playback order.

Use available image-generation and file-processing tools to generate the artwork, split the sheet, and assemble the GIF.

Split the sheet into equal cells. Keep every exported frame on the same 256 × 256 canvas. Do not independently crop or scale frames, as this can cause jitter.
Use nearest-neighbor sampling if resizing is needed to preserve crisp pixels.
Configure GIF transparency and frame disposal so previous frames leave no trails.

QUALITY CHECK
Before exporting, inspect all 16 frames and preview the assembled animation.

Check for:
- Consistent species, anatomy, markings, and limb count.
- Stable body position, scale, and contact points.
- Clipped ears, tails, wings, fins, or accessories.
- Stray pixels or fragments from neighboring cells.
- Accidental removal of pale or white body details.
- Background artifacts, unwanted position jumps, or GIF trails.
- A smooth transition from the last frame back to the first.

Fix any issues before delivering. Ensure the PNG files and GIF have genuinely transparent backgrounds.

Provide the finished files with a GIF preview and download links.

If your environment cannot create or attach an animated GIF or ZIP, clearly state which deliverables could not be completed. Do not present a static image as a completed animation.",images/2097571772904386607_0.jpg | images/2097571772904386607_1.jpg
2099320489797947424,2026-09-14T10:13:02+08:00,Alina_with_Ai,https://x.com/Alina_with_Ai,https://x.com/Alina_with_Ai/status/2099320489797947424,81,en,reply,"Use my uploaded photo as the SAME main female character throughout the entire image. Preserve her exact facial identity, facial features, skin tone, hairstyle, body proportions and natural appearance.

Create a premium vintage travel editorial poster in a WIDE LANDSCAPE FORMAT, specifically optimized for X/Twitter so the complete image is visible without important areas being cropped.

Divide the canvas into TWO equal vertical framed panels placed side by side.

LEFT PANEL — UNITED STATES:
Create a sophisticated 3×3 torn-paper travel collage featuring the same woman visiting iconic American destinations:
Washington D.C. with the U.S. Capitol and Washington Monument, New York City with the Flatiron Building, San Francisco with the Golden Gate Bridge, New York cathedral architecture, Los Angeles with palm trees and skyline, and dramatic American mountain landscapes.

In the CENTER of the left panel, place an elegant cream paper card with:
“UNITED STATES”
“DIVERSE LANDS”
“TIMELESS BEAUTY”
and a subtle vintage map of the United States.

RIGHT PANEL — NORWAY:
Create a matching 3×3 torn-paper travel collage featuring the same woman exploring Norway:
Norwegian fjords, Bergen colorful waterfront, Oslo modern architecture, dramatic mountain villages, historic Scandinavian architecture, coastal viewpoints, Norwegian streets with a tram, and peaceful alpine landscapes.

In the CENTER of the right panel, place an elegant cream paper card with:
“NORWAY”
“Wild beauty,”
“a deeper kind of luxury”
and a subtle watercolor map of Norway.

IMPORTANT:
Keep both complete panels fully visible inside the outer frame.
Use generous margins around the entire composition.
Do NOT make the image tall or portrait-oriented.
Do NOT crop either panel.
Both USA and Norway must be equally prominent and clearly visible at first glance.

Style: luxury travel magazine, vintage editorial photography, refined cream paper texture, subtle torn edges, cinematic natural lighting, realistic photography, elegant serif typography, premium composition, sophisticated color grading, clean negative space, highly detailed, photorealistic.

Aspect ratio: approximately 16:9 landscape.",images/2099320489797947424_0.jpg
2101465886213484588,2026-09-20T08:18:05+08:00,KrishnaBio1,https://x.com/KrishnaBio1,https://x.com/KrishnaBio1/status/2101465886213484588,81,en,reply,"Image Prompt 1 — Dubai 🇦🇪
Prompt:
Create a high-quality vintage watercolor travel scrapbook poster for Dubai, UAE, 2025, in a soft dreamy luxury travel-journal aesthetic. On the left side, show a beautiful detailed Dubai skyline featuring the Burj Khalifa, surrounding modern skyscrapers, Dubai Mall area, elegant architecture, turquoise fountain/water canal and palm trees, painted with realistic yet artistic watercolor textures. On the right side, place a beautiful young woman with long, thick, naturally wavy dark-brown hair, wearing a light powder-blue knitted cardigan over a cream/white top and a flowing beige pleated skirt. She has a soft natural smile, delicate facial features, minimal elegant makeup and a relaxed travel-photo pose, looking slightly toward the left. Keep her realistic and naturally integrated with the watercolor artwork.
Use an aged cream paper background with subtle paper texture, pastel blue and warm beige watercolor washes, hand-painted flowers, leaves, tiny stars, hearts, birds, clouds, paper-tape elements, compass and small travel scrapbook decorations around the borders. At the top center write “Dubai • 2025” in elegant handwritten calligraphy. At the bottom include tasteful travel-journal text such as “Burj Khalifa • Dubai • 2025”, “Dreamy desert afternoon”, “golden city lights”, “unforgettable memories”, and “posing by the fountain”. Add a small vintage postage-stamp style label reading “DUBAI • UAE • 2025” in the bottom-right corner. Balanced composition, premium travel postcard, soft pastel colors, detailed watercolor illustration mixed with realistic portrait photography, elegant feminine aesthetic, nostalgic handmade scrapbook look, high detail, clean typography, 16:9 landscape.

———

Image Prompt 2 — Paris 🇫🇷
Prompt:
Create a beautiful Paris, France 2025 vintage watercolor travel scrapbook poster with the same elegant composition and artistic style. On the left side, feature the Eiffel Tower prominently beside the Seine River, classic Parisian buildings, stone bridges, river boats, trees and a soft atmospheric Paris skyline. The landmark and surroundings should look recognizable, detailed and beautifully painted in realistic watercolor.
On the right side, place the same beautiful young woman with long, thick, naturally wavy dark-brown hair, wearing a light powder-blue knitted cardigan, cream/white top and flowing beige pleated skirt. She has a gentle natural smile, elegant minimal makeup, realistic facial details and a relaxed travel pose, looking slightly toward the Paris scenery. Keep her appearance natural and seamlessly blended into the watercolor travel-poster aesthetic.
Use a warm aged-paper background with pastel blue, cream, beige and subtle pink watercolor washes. Decorate the edges with hand-painted flowers, leaves, small hearts, stars, birds, paper tape, clouds, a paper airplane, compass and delicate travel doodles. At the top center write “Paris • 2025” in elegant handwritten calligraphy. Bottom text should include “Eiffel Tower • Paris • 2025”, “Dreamy Paris afternoon”, “posing by the Seine”, “soft cozy day”, and “memories made”. Add a vintage postage-stamp label in the lower-right reading “PARIS • FRANCE • 2025”. Premium travel scrapbook, nostalgic handmade postcard, soft dreamy watercolor, realistic woman, detailed landmarks, elegant composition, high-resolution, 16:9 landscape.

———

Image Prompt 3 — Tokyo 🇯🇵
Prompt:
Create a premium vintage watercolor travel scrapbook poster for Tokyo, Japan, 2025, matching the same dreamy handmade travel-journal aesthetic. On the left side, feature the iconic Tokyo Tower, surrounded by Tokyo's modern skyline, traditional Japanese rooftops and architecture, beautiful cherry blossom trees and distant Mount Fuji under a soft pastel sky. Make the Tokyo scenery recognizable, detailed and beautifully rendered with realistic watercolor painting.
On the right side, place the same beautiful young woman with long, thick, naturally wavy dark-brown hair, wearing a light powder-blue knitted cardigan over a cream/white top and a flowing beige pleated skirt. She has a soft natural smile, realistic facial features, subtle makeup and an elegant relaxed travel pose while looking toward the Tokyo scenery. Keep her realistic and naturally integrated with the watercolor illustration.
Create an aged cream scrapbook-paper background with soft pastel blue, pink, beige and warm watercolor washes. Add delicate Japanese-inspired cherry blossoms, flowers, leaves, tiny stars, hearts, birds, clouds, paper-tape details, travel doodles and a small compass around the borders. At the top center write “Tokyo • 2025” in elegant handwritten calligraphy. Bottom text should read “Tokyo Tower • Tokyo • 2025”, “Dreamy autumn afternoon”, “exploring the city”, “soft cozy day”, and “memories made”. Add a vintage postage-stamp style label at bottom-right reading “TOKYO • JAPAN • 2025”. Do not use incorrect landmarks or text such as Big Ben or Westminster. Soft cinematic watercolor, nostalgic travel postcard, elegant feminine scrapbook aesthetic, realistic portrait, detailed cityscape, premium quality, 16:9 landscape.",images/2101465886213484588_0.jpg | images/2101465886213484588_1.jpg | images/2101465886213484588_2.jpg
2100578364549628228,2026-09-17T21:31:23+08:00,Alina_with_Ai,https://x.com/Alina_with_Ai,https://x.com/Alina_with_Ai/status/2100578364549628228,79,en,reply,"Ultra-realistic fashion portrait of a stylish young woman with long, voluminous wavy black hair, wearing a beige baseball cap, oversized dark sunglasses, an olive-green utility jacket over a fitted beige ribbed top. She gently holds the brim of her cap with one hand and pulls the jacket hood with the other, wearing minimal silver rings and long almond-shaped glossy nails. Natural soft makeup, nude glossy lips, elegant feminine features, relaxed confident expression.

Close-up street-style fashion photography, slightly turned pose, soft natural daylight, neutral beige background, muted earthy color palette, realistic skin texture, detailed fabric texture, cinematic depth of field, subtle shadows, luxury fashion editorial aesthetic, 85mm lens, shallow depth of field, photorealistic, high detail, 8K, Instagram fashion photography, vertical 4:5 composition.

———

Ultra-realistic full-body street-style fashion photograph of a stylish young woman walking confidently across a city zebra crossing. She has long dark brown hair tied into a messy high bun with a few loose strands framing her face, wearing slim black rectangular sunglasses, a fitted white short-sleeve cropped T-shirt, oversized distressed gray wide-leg jeans with multiple ripped details, and clean white sneakers. She carries a large black leather shoulder bag and holds a takeaway coffee cup in one hand. Minimal jewelry and a simple wristwatch.

Candid urban photography, natural walking pose, one leg forward, relaxed expression, looking slightly to the side, photographed from a slightly elevated angle. Bright natural daylight, realistic skin texture, detailed hair strands, authentic fabric and denim texture, sharp subject, subtle natural shadows, busy asphalt road with bold white zebra-crossing stripes, shallow depth of field, cinematic editorial street photography, 35mm lens, photorealistic, high detail, 8K, vertical 4:5 composition.",images/2100578364549628228_0.jpg | images/2100578364549628228_1.jpg
2099099830236684757,2026-09-13T19:36:13+08:00,MahnoorAi12,https://x.com/MahnoorAi12,https://x.com/MahnoorAi12/status/2099099830236684757,74,en,reply,"Create a 4×4 dance pose sheet featuring one original character, with exactly 16 equally sized panels in one square image.

CHARACTER DESIGN
Design a confident mecha pilot with a short auburn ponytail, sharp amber eyes, a fitted white-and-orange flight suit with panel seams and a squadron emblem on the chest, a popped collar, and reinforced boots. Keep her exact face, hairstyle, colors, proportions, outfit, and accessories fully consistent across all 16 panels — no redesigns, recolors, or costume changes between panels.

ART STYLE
Render in 2D anime, crisp mechanical linework, with crisp outlines and consistent lighting across every panel.

CHOREOGRAPHY
Design a cohesive 16-pose dance sequence with a clear beginning, build-up, climax, and ending, ordered left to right, top to bottom. Include: an opening pose that establishes personality; a small rhythmic step with a coordinated arm gesture; a side step with one arm extended; a compact expressive gesture near the face; a grounded stance with arms crossing or sweeping inward; a knee lift or weight shift; an open expansive pose with arms spread; a playful balance pose; a turning pose showing a three-quarter rear view; a forward-reaching diagonal lean; a strong upward-reaching accent; a climactic jump (or full-body extension if jumping doesn't suit the character); a lowered stance with a forward gesture; a dynamic side-facing transition; a signature gesture unique to the character; and a confident final pose with a clear finishing silhouette.

COMPOSITION
Use a clean white background, thin grid lines, and small readable numbers 1–16 in the upper-left corner of each panel. One full-body depiction of the character per panel, consistent scale, camera distance, lighting, and rendering style throughout. Fixed camera angle while the character turns naturally. Keep the entire character — hair, hands, feet, wings, tails, and accessories — inside each panel with comfortable margins, with subtle ground shadows and natural secondary movement in hair and fabric.

AVOID
Repeated or near-identical poses, identity drift, costume changes, inconsistent proportions, extra or missing limbs, malformed hands, cropped body parts, overlapping panels, additional characters, motion trails, background scenery, unlisted props, speech bubbles, and watermarks.

Final output: one polished square image, a clearly organized 4×4 grid of 16 distinct, character-appropriate dance poses.",images/2099099830236684757_0.jpg
2107801411711123546,2026-10-07T19:53:12+08:00,john_my07,https://x.com/john_my07,https://x.com/john_my07/status/2107801411711123546,72,en,post,"Create an ultra-realistic, high-end cinematic portrait of a beautiful young woman, framed in a tight head-and-shoulders composition. She faces the camera directly with a calm yet intense expression and a confident, captivating gaze.

Use dramatic low-key studio lighting with a strong directional light illuminating one side of her face while the opposite side gradually disappears into deep, atmospheric shadow. Keep the background completely black and seamless, creating a striking contrast around her silhouette.

Her eyes are deep brown with subtle geometric catchlights. Give her naturally textured, slightly damp-looking hair with individual strands visible and realistic volume. She wears a simple, elegant black crew-neck top with no visible logos or patterns.

Capture extremely realistic skin with visible pores, fine facial texture, subtle imperfections, delicate peach fuzz, natural lips, and detailed eyelashes. Avoid overly smooth or plastic-looking skin.

Photographed with a cinematic 35mm lens aesthetic, shallow depth of field, soft optical falloff, realistic tonal range, subtle analog film grain, and premium editorial photography quality. The final image should feel like an authentic photograph captured in a professional studio — sophisticated, raw, atmospheric, and completely photorealistic, with no obvious AI-generated appearance.",images/2107801411711123546_0.jpg | images/2107801411711123546_1.jpg
2105638239394795835,2026-10-01T20:37:31+08:00,joshesye,https://x.com/joshesye,https://x.com/joshesye/status/2105638239394795835,69,zh,post,"GPT image 2.5 Prompt:  

版3×3失败照片× ｛角色｝",images/2105638239394795835_0.jpg | images/2105638239394795835_1.jpg
2106075684577984560,2026-10-03T01:35:46+08:00,DeepBlueX0,https://x.com/DeepBlueX0,https://x.com/DeepBlueX0/status/2106075684577984560,67,zh,post,"90年代中国生活影像 × 彩色胶片快照 ×
主题：【XXX】

随机元素：随机场景、随机人物、随机服装、随机动作与表情、随机实验镜头与构图。

视觉关键词：旧公交、录像厅、旧书店、街边摊、磁带、VCD、旧广告牌。

气质：真实、偶然、生活化、未经摆拍、怀旧。

主题角色的性格、身份与人物关系，自然转译为90年代中国城市生活中的人物状态。服装、行为、环境符合真实90年代生活逻辑。

每张独立随机抽取，互不继承；分别独立成像，不拼图、不宫格、不分屏。2:3竖幅。左下签名「🔵 DeepBlue」。

n=6",images/2106075684577984560_0.jpg | images/2106075684577984560_1.jpg | images/2106075684577984560_2.jpg | images/2106075684577984560_3.jpg
2107856173839872397,2026-10-07T23:30:48+08:00,churvikv,https://x.com/churvikv,https://x.com/churvikv/status/2107856173839872397,67,en,post,"Oil painting style, thick impasto texture with visible palette knife strokes. A serene lake at dusk with a large golden moon partially hidden behind textured grey clouds. Six black swans swimming gracefully on the water, creating gentle ripples. Golden moonlight reflecting on the water surface. Pink cherry blossom tree on the right shore with petals falling slowly. Small cozy house with warm yellow lights in the windows. Dry golden reeds swaying gently in the breeze. Mountains in the distance. Calm, peaceful atmosphere, cinematic lighting, 4k.",images/2107856173839872397_0.jpg | images/2107856173839872397_1.jpg
2102720999066329349,2026-09-23T19:25:27+08:00,Adnan_Ai2,https://x.com/Adnan_Ai2,https://x.com/Adnan_Ai2/status/2102720999066329349,58,en,reply,"Create a professional high-resolution female character profile and turnaround sheet based on the reference image. Keep the same young woman’s facial features, long straight dark hair, expressive eyes, friendly smile, body proportions, beige/taupe oversized suit, cream top, patterned scarf with red and green stripes, and white sneakers consistent across every panel.
Include full-body front, 3/4, side and back views, face details from front/3/4/profile, an expression sheet with neutral, happy, angry, sad, surprised, worried, confident and determined expressions, plus poses including standing, walking, sitting, relaxed, looking away and arms crossed.
Add detailed costume close-ups of the blazer, scarf, buttons, trousers and shoes, followed by a color and material palette matching beige, taupe, brown, red, green and cream. Clean white background, professional grid layout, thin borders, elegant purple headers, realistic 3D character rendering, consistent identity, sharp details, cinematic studio lighting, premium character-design concept sheet, 4K.

———

Create a professional cinematic character profile / turnaround sheet of the same male Arctic explorer shown in the reference image. Preserve his facial features, short brown hair, trimmed beard, dark sunglasses, body proportions, and overall appearance. Show full-body front, 3/4, side, and back views wearing a bright red insulated expedition parka, black winter layers, dark snow pants, and white winter boots. Include face and identity details from front, 3/4 and profile angles, plus an expression sheet with neutral, happy, angry, sad, surprised, worried, confident and determined expressions. Add a pose and body-language section with standing, walking, sitting, relaxed, looking away and arms-crossed poses. At the bottom, show detailed jacket, zipper, pocket, patch and winter boot close-ups, plus a professional red, black, charcoal, white and icy-blue color/material palette. Clean white background, thin grid divisions, professional concept-art presentation, realistic photography, sharp facial details, consistent character identity across every panel, high resolution, cinematic lighting, premium movie character design sheet, 4K.",images/2102720999066329349_0.jpg | images/2102720999066329349_1.jpg
2103091620132573617,2026-09-24T19:58:10+08:00,Adnan_Ai2,https://x.com/Adnan_Ai2,https://x.com/Adnan_Ai2/status/2103091620132573617,56,en,reply,"1️⃣ Ladki wali — ADnan Park
Create a premium professional footballer character profile sheet using the provided female reference image as the facial and appearance reference. Preserve her recognizable facial features, long dark hair, natural skin tone and overall elegant appearance, but transform her into a professional female football player named “ADNAN PARK”.

Design a highly detailed professional football scouting and character presentation board, similar to a high-end football game character sheet. Show the same female player in multiple views: full-body front view, side profile, and back view, all with consistent face, hairstyle, body proportions and identity.

She is wearing a completely WHITE professional football uniform: clean white short-sleeve jersey, white football shorts, white knee-high football socks and premium white football boots. The jersey should have a simple professional number “10” on the front and shorts. On the back, clearly display “ADNAN PARK” above the number “10”. Keep the kit elegant, realistic, modern and athletic, without unnecessary colorful patterns.

Include several realistic facial-expression portraits on the right side: focused, passionate, confident, determined and calm. Every portrait must maintain the exact same character identity and facial structure.

Below the main character views, include dynamic football action poses: dribbling with a football, sprinting, powerful kicking, jumping for the ball and celebrating after scoring. Make the movements realistic, athletic and cinematic, with natural body anatomy and consistent clothing.

Create a professional information panel with:
ADNAN PARK
PROFESSIONAL FOOTBALLER
Position: Forward / Attacking Midfielder
Archetype: Playmaker
Personality: Confident, Focused, Determined, Disciplined

Add material close-up panels showing white jersey fabric, breathable mesh panels, white shorts fabric, ribbed white socks and premium football boots. Add a clean white, silver-gray and black color palette.

Use a sophisticated editorial sports-design layout with thin dividing lines, clean typography, subtle shadows, realistic studio lighting and a premium football academy presentation aesthetic. Add a subtle stadium photograph along the bottom section.

Make the entire image photorealistic, highly detailed, sharp, realistic skin texture, realistic hair strands, realistic fabric folds, professional sports photography, consistent character identity across every panel, clean composition, high-end football video-game character concept art, ultra-detailed, 4K quality, vertical poster format.

Do not include any unrelated people, no male player, no extra character, no social-media logos, no watermark, no random text, and no distorted anatomy.

———

2️⃣ Ronaldo वाली — ADNAN PARK

Create a premium professional footballer character profile sheet using the provided male reference image as the main appearance and facial reference. Preserve the reference player's recognizable facial structure, hairstyle, athletic build and overall appearance, and transform him into a fictional professional footballer named “ADNAN PARK”.

Create the presentation in the style of a high-end professional football scouting dossier and modern football video-game character sheet. Show the same male footballer consistently in three full-body views: front view, side profile and back view. Maintain identical facial features, hairstyle, body proportions, uniform and overall identity across every view.

The player wears a completely WHITE professional football kit: pure white short-sleeve football jersey, pure white football shorts, white knee-high football socks and premium white football boots. Keep the entire uniform clean and minimal with subtle black or silver detailing only. Put the number “7” clearly on the front and shorts. On the back of the jersey, display “ADNAN PARK” above the number “7” in large professional lettering.

On the right side, create several close-up facial-expression portraits of the same player: focused, passionate, confident, determined and calm. Each face must remain consistent with the original reference image.

In the lower section, show multiple dynamic football action poses of the same player: sprinting with the ball, close-control dribbling, powerful long-range kicking, jumping toward the ball and celebrating after scoring. Make every pose realistic and athletic, with natural anatomy, realistic muscles, accurate football movement and believable fabric motion.

Add a professional player information section:
ADNAN PARK
PROFESSIONAL FOOTBALLER
Position: Forward
Archetype: Goal Scorer
Personality: Focused, Ambitious, Disciplined, Confident
Playing Style: Powerful, Fast, Technical

Add detailed material callouts for the white performance jersey, breathable mesh panels, white stretch shorts fabric, ribbed compression socks and premium white football boots. Include a minimalist color palette consisting of white, off-white, silver-gray, charcoal and subtle black.

Use a clean premium editorial layout inspired by elite football scouting boards, with fine grid lines, sophisticated typography, realistic studio photography, subtle shadows, professional lighting and a stadium image along the bottom.

The final result should look like a professionally designed football player profile card / character development board, extremely realistic, cinematic, sharp, detailed, realistic skin texture, realistic hair, realistic clothing folds, accurate football equipment, consistent identity throughout all panels, high-end sports photography, 4K detail, vertical poster composition.

Only show the single male footballer as the main character. No female player, no additional people, no social-media logos, no watermark, no unnecessary branding, no distorted face, no duplicated limbs, no extra fingers, and no random text.",images/2103091620132573617_0.jpg | images/2103091620132573617_1.jpg
2107865780146893027,2026-10-08T00:08:58+08:00,DeepBlueX0,https://x.com/DeepBlueX0,https://x.com/DeepBlueX0/status/2107865780146893027,54,zh,post,雷电将军 × 【拍摄设备】 × 逆光抓拍 × 光学失控,images/2107865780146893027_0.jpg | images/2107865780146893027_1.jpg | images/2107865780146893027_2.jpg | images/2107865780146893027_3.jpg
2107760212962898088,2026-10-07T17:09:29+08:00,Goodmanprotocol,https://x.com/Goodmanprotocol,https://x.com/Goodmanprotocol/status/2107760212962898088,51,en,post,"Create a premium 3:4 vertical editorial travel-memory poster for [COUNTRY / CITY / LOCATION / SUBJECT].

TEXT-TO-IMAGE ONLY — generate the entire artwork creatively from [COUNTRY / CITY / LOCATION / SUBJECT] alone. No reference image required.

COMPOSITION
Divide the poster into two perfectly equal horizontal halves with no gap.

TOP HALF — CINEMATIC PHOTOGRAPH
Create a wide horizontal, photorealistic travel photograph representing [COUNTRY / CITY / LOCATION / SUBJECT]. Automatically choose the most meaningful subject, architecture, landscape, or moment associated with the destination.

The image must feel like an authentic editorial photograph: natural perspective, realistic lighting, subtle color grading, strong central subject, cinematic atmosphere, and believable environmental details.

BOTTOM HALF — OPEN-BOOK JOURNAL
Create one fully opened horizontal hardcover photography book centered in the lower half, viewed almost from above with slight realistic perspective.

The book should occupy roughly 86% of the lower-half width. The spine must sit exactly in the center, with perfectly equal left and right pages. Show realistic paper edges, thickness, spine curvature, soft shadows, and premium tactile paper.

LEFT PAGE
Fill the entire left page with one dominant color naturally extracted from the destination’s visual identity.

Place a smaller horizontal landscape photograph at the center of the page, showing the same destination or subject from the upper scene. Keep it rectangular, clean, and surrounded by an even generous border.

RIGHT PAGE
Use warm ivory paper with abundant negative space.

At the upper center, add one elegant 3–5 word ALL-CAPS English title inspired by the mood of the destination. Use small black typewriter-style serif lettering with subtle letter spacing.

Below it, place ONE perfectly upright vintage vertical postage stamp. Give it a cream perforated border, subtle paper texture, and a delicate shadow.

Inside the stamp, do not simply reproduce the main photograph. Instead, reinterpret 2–4 recognizable elements from the destination as a playful editorial illustration using bold hand-drawn black outlines, simplified shapes, and ONE bright accent color drawn from the scene.

Below the stamp, add two short centered lines of gentle poetic English text.

BACKGROUND
Outside the open book, create a softly blurred continuation of the destination’s environment. Preserve only its general colors, light, and atmosphere while keeping individual objects indistinct.

STYLE
Cinematic travel photography × contemporary photography monograph × open-book visual diary × vintage postage illustration × minimalist editorial design.

Warm, quiet, sophisticated, tactile, intimate, and collectible.

PRIORITIES
Perfect 50/50 top-bottom division → perfectly centered book spine → equal pages → strong horizontal photography → intact upright stamp → generous negative space.

Avoid portrait-oriented photo panels, blurred side bars, stretched imagery, invented landmarks, distorted architecture, uneven pages, tilted or cropped books, multiple stamps, excessive decoration, clutter, logos, watermarks, UI elements, or unnecessary typography.

FORMAT
3:4 vertical, two equal halves, premium editorial photography, realistic open-book construction, refined typography, cohesive travel-journal aesthetic.",images/2107760212962898088_0.jpg | images/2107760212962898088_1.jpg | images/2107760212962898088_2.jpg | images/2107760212962898088_3.jpg
2107463938971492756,2026-10-06T21:32:12+08:00,mehvishs25,https://x.com/mehvishs25,https://x.com/mehvishs25/status/2107463938971492756,48,en,post,"Create a highly realistic lifestyle photograph of the girl from the reference image. Her identity must remain completely unchanged — preserve her exact facial structure, proportions, distinctive features, hairstyle, and natural appearance. Do not modify or reinterpret her face in any way.

She is seated comfortably on a park bench surrounded by a warm autumn setting. The camera is positioned directly in front of her, framing her centrally. She wears a short chocolate-brown chunky-knit cardigan over a short black dress, paired with black tights and tall brown leather boots. Keep her hairstyle exactly as shown in the reference. She wears slim, narrow sunglasses and rests her right hand gently beneath her chin.

Her gaze is directed slightly to the side rather than toward the camera, accompanied by a subtle, natural smile with no visible teeth. Her makeup is polished and flawless, with dusty-rose lipstick and square-shaped French manicure nails.

The park around her is covered with scattered autumn foliage in rich yellow and orange tones, spread naturally across the grass and pavement. Capture the scene with a bright, fashion-forward lifestyle-blog aesthetic: strong highlights across the skin, deep contrasting shadows, direct raw-flash photography, and a glossy early-2000s digital-camera feel. Maintain realistic skin texture, subtle photographic grain, crisp details, and high contrast without making the image look overly processed or AI-generated.

Identity preservation is the highest priority. Do not alter the face, facial proportions, or recognizable features from the reference.",images/2107463938971492756_0.jpg | images/2107463938971492756_1.jpg
2108024884752535786,2026-10-08T10:41:12+08:00,mehwishkiran07,https://x.com/mehwishkiran07,https://x.com/mehwishkiran07/status/2108024884752535786,48,en,reply,"Create a professional, high-end CHARACTER REFERENCE SHEET for a female content creator and main character named “MEHWISH”.

Use the uploaded reference image as the primary visual reference. Preserve the character’s facial identity, facial proportions, hairstyle, skin tone, body proportions, and overall appearance consistently across every panel.

Create a clean professional character-design sheet on a bright white studio background with a premium editorial layout, realistic photography quality, soft studio lighting, sharp details, and consistent identity.

TITLE:
“1. CHARACTER PROFILE”

CHARACTER NAME:
MEHWISH ♡

ROLE:
Content Creator / Model / Main Character

AGE:
25–28

HEIGHT:
5'6"" (168 cm)

BODY TYPE:
Slim, fit

PERSONALITY:
Kind, cheerful, confident, creative, friendly, adventurous

DISTINCTIVE TRAITS:
- Long wavy brown hair
- Expressive hazel eyes
- Fair, glowing skin
- Soft natural makeup
- Elegant and modern style
- Warm and friendly smile
- Often seen in casual-chic outfits
- Looks youthful and approachable

SIGNATURE COLORS:
Black, charcoal, gray, beige, taupe, dark olive

2. FULL-BODY TURNAROUND:
Show the exact same female character in four full-body views:
- Front view
- 3/4 view
- Side view
- Back view

She is wearing an elegant black long dress with:
- Square neckline
- Long sheer puff sleeves
- Fitted waist
- Draped/wrapped skirt
- High front slit
- Black high-heel sandals

Maintain identical face, hair, body proportions, clothing, and accessories in all four views.

3. FACE AND IDENTITY DETAILS:
Show three detailed facial views:
- Front
- Profile
- 3/4 view

Facial structure:
Heart-shaped face, high cheekbones, soft jawline, smooth skin

Eyes:
Hazel, almond-shaped, expressive

Eyebrows:
Naturally arched and well-defined

Nose:
Straight and refined

Lips:
Full, natural pink lips

Skin tone:
Fair with a warm undertone

Makeup:
Natural fresh look, soft blush, subtle eyeliner, pink lips

Hair:
Long, wavy, voluminous brown hair with soft face-framing strands

Scars/Tattoos:
None visible

4. EXPRESSION SHEET:
Create 10 consistent close-up portraits of the same character showing:

- Neutral
- Happy
- Smiling
- Playful
- Sad
- Surprised
- Thinking
- Confident
- Worried
- Calm

Keep the facial identity, hairstyle, makeup, earrings, and lighting consistent across every expression.

5. POSE AND BODY LANGUAGE:
Create six full-body poses using the exact same character and outfit:

- Standing
- Walking
- Sitting
- Relaxed
- Arms crossed
- Looking back

Natural elegant body language, realistic anatomy, graceful poses, consistent proportions.

6. COSTUME DETAILS:
Create detailed close-up reference panels showing:

- Neckline detail
- Puff sleeve
- Waist detail
- Back bow
- Fabric close-up
- Button detail
- Earrings
- Shoes

Costume:
Elegant black dress made from premium satin and sheer fabric, fitted waist, puff sleeves, subtle buttons, large satin bow at the back, black high-heeled sandals, elegant gold dangling earrings.

7. COLOR AND MATERIAL PALETTE:
Show the main color palette with HEX codes:

#000000
#1F1F1F
#3A3A3A
#8B7D6B
#C9B7A1
#556B2F

Material references:
- Suit fabric
- Sheer fabric
- Buttons
- Leather shoes
- Gold metal earrings
- Satin ribbon

VISUAL STYLE:
Ultra-realistic professional character design reference sheet, luxury fashion editorial photography, realistic skin texture, detailed facial features, natural proportions, soft diffused studio lighting, clean white background, high-end fashion catalog aesthetic, sharp focus, consistent character identity, photorealistic rendering, premium composition.

LAYOUT:
Organize the entire sheet into 7 clearly separated numbered sections with clean borders, labels, typography, and reference panels. Make it look like a professional Hollywood character bible / fashion character reference sheet.

IMPORTANT:
The same person must appear in every panel.
Do not change her face, identity, eye color, hairstyle, skin tone, body shape, or proportions.
No extra characters.
No distorted anatomy.
No duplicate limbs or fingers.
No random accessories.
No visible tattoos or scars.
Keep the character highly consistent across all views, expressions, poses, and details.

———

Create a professional, ultra-detailed CHARACTER REFERENCE SHEET for a male cinematic character named “FAIZAN”.

Use a clean white studio background with a premium Hollywood character-design presentation, realistic photography, sharp details, consistent identity, and professional editorial layout.

TITLE:
“FAIZAN”

1. CHARACTER PROFILE
Name: FAIZAN
Role: Actor / Model / Main Character
Approx. Age: 28–32
Height: 6'0"" (183 cm)
Body Type: Athletic, Lean, Fit

Personality:
Calm, confident, charismatic, kind, intelligent, adventurous, focused.

Distinctive Traits:
• Sharp jawline and defined facial features
• Expressive hazel-brown eyes
• Thick, naturally styled eyebrows
• Voluminous wavy dark-brown hair
• Light, well-groomed stubble beard
• Tall and well-proportioned physique
• Stylish modern appearance
• Warm, confident smile
• Natural and charismatic presence

2. FULL-BODY TURNAROUND
Show the exact same character in four full-body views:
• Front view
• 3/4 view
• Side profile
• Back view

Maintain identical facial identity, hairstyle, body proportions, skin tone, clothing, and accessories in every view.

Wardrobe:
Black tailored suit jacket, black open-collar shirt, fitted black trousers, elegant black leather dress shoes.

3. FACE & IDENTITY DETAILS
Show close-up portraits of the exact same character:
• Front view
• 3/4 view
• Profile view
• Additional 3/4 angle

Facial Structure:
Strong jawline, defined cheekbones, masculine facial proportions, straight refined nose, naturally shaped full lips.

Eyes:
Hazel-brown, expressive, almond-shaped.

Eyebrows:
Thick, naturally defined.

Hair:
Dark brown, thick, wavy, voluminous, modern textured hairstyle.

Facial Hair:
Light, neatly maintained stubble beard.

Skin:
Natural warm light-to-medium skin tone with realistic skin texture.

Makeup:
Minimal natural grooming, realistic masculine appearance.

Scars/Tattoos:
None visible.

4. EXPRESSION SHEET
Create a consistent expression sheet showing:
• Neutral
• Happy
• Smiling
• Serious
• Angry
• Thinking
• Confident
• Surprised
• Worried
• Calm

Keep the character's facial identity exactly consistent while changing only the expression.

5. POSE & BODY LANGUAGE
Show the same character in different poses:
• Standing
• Walking
• Sitting
• Relaxed
• Arms crossed
• Action-ready

Maintain consistent body proportions, wardrobe, hairstyle, and identity.

6. COSTUME DETAILS
Include detailed close-up panels of:
• Suit jacket
• Shirt collar
• Fabric texture
• Sleeve and cuff detail
• Trouser detail
• Black leather footwear
• Wristwatch/accessory
• Back of the suit
• Button detail

7. COLOR & MATERIAL PALETTE
Include professional color swatches and material references.

Key colors:
Charcoal black
Deep black
Medium gray
Warm beige
Deep brown
Olive green

Material references:
• Suit fabric
• Black shirt fabric
• Trouser fabric
• Leather footwear
• Metal watch
• Button detail

STYLE:
Photorealistic live-action character photography, cinematic realism, premium Hollywood casting reference sheet, realistic skin texture, natural lighting, sharp facial details, sophisticated fashion photography, high-end editorial design, clean typography, symmetrical grid layout, white background, professional character bible, ultra-high resolution.

IMPORTANT:
The same character must appear in every panel. Preserve exact facial identity, hairstyle, eye color, skin tone, facial structure, body proportions, clothing, and overall appearance across all views and expressions. No identity changes, no different person, no duplicate variations.",images/2108024884752535786_0.jpg | images/2108024884752535786_1.jpg
2107463388292911316,2026-10-06T21:30:01+08:00,imGopalTiwari,https://x.com/imGopalTiwari,https://x.com/imGopalTiwari/status/2107463388292911316,40,en,post,"Hyper-realistic IMAX-level Netflix-style moody cinematic rooftop night portrait, 9:16 vertical. Use the uploaded image as the primary visual reference and preserve the exact facial identity, proportions, and defining features. Create a woman wearing a black spaghetti-strap top under an oversized white button-down shirt worn loosely off both shoulders, light-colored short bottoms and a black smartwatch on her wrist; she stands in a relaxed left-facing side profile, her torso turned slightly away from the camera, her head tilted gently upward and backward, chin raised, while her left arm is bent upward holding a green glass bottle at mouth level with the bottle neck clearly entering between her parted lips as she drinks, and her right arm hangs naturally downward beside her body with the hand relaxed; her eyes are mostly lowered and partially closed while drinking, eyebrows relaxed, lips naturally parted around the bottle opening, jaw slightly lifted and facial expression calm and casual; her very long dark-brown hair is straight, smooth and naturally heavy, falling from the crown all the way down her back past the waist with a few fine strands around her cheek and neck; fair luminous porcelain skin with a bright ivory to light beige tone and a neutral-cool undertone, realistic natural texture with very subtle highlights; she stands on an elevated outdoor terrace with a dark red metal railing, while a dense urban cityscape fills the background in heavy shallow focus with indistinct buildings, muted windows and scattered circular lights; soft overcast ambient light gives the scene a dim blue-gray atmosphere, with a faint cool glow outlining the hair and shoulders while the face and clothing remain gently underexposed, subtle warm bokeh lights appearing in the distant background and no harsh direct illumination; cinematic colour grading built around desaturated teal, blue-gray and charcoal tones with muted skin warmth, deep soft shadows, restrained highlights, low saturation, gentle contrast, atmospheric haze, creamy background bokeh and a subtle filmic grain, creating the same quiet rainy-evening city mood and understated cinematic depth. Negative prompt: changed identity, front-facing pose, bottle missing from mouth, bottle floating away from lips, closed mouth while drinking, incorrect hand position, bad anatomy, extra fingers, short hair, bright daylight, oversaturated colours, sharp background, text, watermark.",images/2107463388292911316_0.jpg
2107682063591915638,2026-10-07T11:58:57+08:00,Just_Anika_Here,https://x.com/Just_Anika_Here,https://x.com/Just_Anika_Here/status/2107682063591915638,38,en,post,"""subject"": {
""type"": ""young adult woman"",
""appearance"": ""fair skin with subtle freckles, green-gray eyes, defined brows, full natural lips"",
""hair"": ""short vintage auburn hair, swept back with soft volume"",
""expression"": ""calm, serious, slightly mysterious"",
""gaze"": ""looking directly into the camera""
},
""wardrobe"": {
""top"": ""cream vintage blouse"",
""scarf"": ""rust-orange patterned neck scarf tied loosely""
},
""setting"": {
""location"": ""inside a classic 1950s turquoise convertible"",
""environment"": ""sunny rural landscape with softly blurred hills in the background"",
""car"": ""vintage turquoise body, chrome trim, warm brown leather interior""
},
""composition"": {
""aspect_ratio"": ""4:5"",
""framing"": ""tight portrait through the open car window"",
""camera_position"": ""outside the car at eye level"",
""foreground"": ""turquoise car door and chrome window frame partially framing the woman"",
""focus"": ""sharp focus on face and eyes"",
""background"": ""strongly blurred with shallow depth of field""
},
""lighting"": {
""type"": ""warm natural sunlight"",
""quality"": ""soft directional sunlight with gentle facial shadows"",
""mood"": ""warm nostalgic summer afternoon""
},
""visual_style"": {
""style"": ""photorealistic vintage film photography"",
""era"": ""1950s–1960s Americana"",
""color_grading"": ""warm muted tones with turquoise, amber and orange dominance"",
""texture"": ""subtle analog film grain, slight vintage softness"",
""lens"": ""cinematic portrait lens with shallow depth of field""
},
""negative_prompt"": [
""modern car"",
""modern clothing"",
""studio lighting"",
""overly polished digital skin"",
""plastic skin"",
""heavy makeup"",
""wide-angle distortion"",
""extra people"",
""text"",
""watermark"",
""deformed face"",
""extra fingers""
]
}",images/2107682063591915638_0.jpg | images/2107682063591915638_1.jpg
2108048878234673467,2026-10-08T12:16:32+08:00,Naiknelofar788,https://x.com/Naiknelofar788,https://x.com/Naiknelofar788/status/2108048878234673467,38,en,post,"Create a visually stunning minimalist colored-pencil and wax-crayon artwork of [CITY], where the entire city is constructed from one single continuous hand-drawn line. The line begins as a tiny cultural symbol, travels through famous architecture, streets, vehicles, trees, mountains, and everyday life, gradually forming an intricate panoramic cityscape. Add unexpected pops of bright wax-crayon color between the graphite lines, visible paper texture, imperfect handmade strokes, subtle smudges, playful scale changes, and tiny hidden details that reward zooming in. Clean ivory background, sophisticated editorial poster composition, artistic but recognizable, highly detailed, contemporary viral design aesthetic. Add “[CITY]” in bold refined typography at the top.",images/2108048878234673467_0.jpg | images/2108048878234673467_1.jpg | images/2108048878234673467_2.jpg
2107834952318611567,2026-10-07T22:06:28+08:00,Goodmanprotocol,https://x.com/Goodmanprotocol,https://x.com/Goodmanprotocol/status/2107834952318611567,35,en,post,"Create a premium 4:5 vertical minimalist illustrated travel artwork for [COUNTRY / CITY / LOCATION / SUBJECT].

TEXT-TO-IMAGE ONLY — generate the artwork creatively from [COUNTRY / CITY / LOCATION / SUBJECT] alone. No reference image required.

CORE CONCEPT

Create a warm, whimsical editorial illustration inspired by the mood, colors, atmosphere, and visual character of the destination. Reduce the scene into one charming hand-drawn moment with a simple, storybook-like composition.

MAIN SUBJECT

Feature a small, cute generic illustrated character naturally interacting with the destination environment. The character should have a simple rounded face, tiny expressive eyes, subtle rosy cheeks, and relaxed natural body language.

Automatically choose appropriate clothing, accessories, pose, and surrounding elements based on [COUNTRY / CITY / LOCATION / SUBJECT], while keeping the character completely original and non-identifiable.

SCENE

Build a minimal environment using a few recognizable destination-inspired elements — architecture, landscape, flowers, local objects, transportation, food, or cultural details.

Do not overcrowd the composition. Use only the strongest visual elements needed to communicate the location.

STYLE

Hand-drawn children's picture book × soft editorial postcard × crayon and gouache illustration.

Use slightly imperfect outlines, visible crayon strokes, soft gouache fills, simple organic shapes, gentle proportions, subtle paper texture, and charming handmade imperfections.

Keep the background predominantly warm off-white/cream with generous negative space. Add only a few delicate lines, small marks, clouds, leaves, or motion strokes where they improve the composition.

COLOR

Use a warm, cheerful palette naturally inspired by [COUNTRY / CITY / LOCATION / SUBJECT]. Combine soft cream with a few muted yet lively destination colors.

Keep the palette cohesive and avoid excessive saturation.

FINAL AESTHETIC

A charming handmade travel postcard that feels intimate, playful, warm, and artistic — like a tiny illustrated memory from the destination rather than a literal recreation of a photograph.

Avoid photorealism, recognizable real people, copyrighted characters, logos, commercial branding, excessive detail, complex backgrounds, glossy 3D rendering, harsh digital outlines, clutter, text, and watermarks.

FORMAT

4:5 vertical, single illustration, warm off-white paper, generous negative space, cute original character, simplified destination storytelling, premium children's-book/editorial finish.",images/2107834952318611567_0.jpg | images/2107834952318611567_1.jpg | images/2107834952318611567_2.jpg | images/2107834952318611567_3.jpg
2097502934485684354,2026-09-09T09:50:43+08:00,everestchris6,https://x.com/everestchris6,https://x.com/everestchris6/status/2097502934485684354,33,en,post,"the json carries the camera, lighting and colour grading
- run it through gpt-image 2.5 on higgsfield
- save a character you like and reuse it every time

gpt-image 2.5 sunburst and flare are both on higgsfield.",images/2097502934485684354_0.jpg | images/2097502934485684354_1.jpg | images/2097502934485684354_2.jpg
2107539874958221667,2026-10-07T02:33:57+08:00,imGopalTiwari,https://x.com/imGopalTiwari,https://x.com/imGopalTiwari/status/2107539874958221667,30,en,post,"Hyper-realistic IMAX-level Netflix-style monochrome ink-splash fragmentation portrait, 9:16 vertical. Use the uploaded image as the primary visual reference and preserve the exact facial identity, proportions, and defining features. Create a woman wearing a simple light-colored sleeveless top; her upper body is turned slightly toward the right while her face turns back toward the camera, her shoulders relaxed and positioned diagonally across the lower frame, with her head gently tilted and her neck naturally angled; she has a bright genuine smile with her teeth clearly visible, eyes looking directly toward the camera, slightly raised cheeks, relaxed eyelids, naturally lifted eyebrows and a cheerful expressive mood; her long dark hair is loose, tousled and slightly wind-swept, with fine strands crossing around her forehead, cheeks and neck, while the hair gradually breaks apart into ink marks and scattered fragments on the right side; natural realistic facial texture translated into detailed monochrome linework with soft gray tonal shading rather than smooth photographic skin; a completely clean white background surrounds the portrait, while the right side of her head, hair, shoulder and upper body progressively dissolves into dense black ink splashes, fine brush strokes, cracked textures, tiny droplets, floating particles and sharp geometric black-and-white fragments spreading outward toward the right edge, with the transition remaining organic and irregular rather than a clean cut; soft even illumination keeps the facial features clearly readable while maintaining the strong white background and deep black ink contrast, with delicate gray shading defining the nose, cheekbones, lips, neck and clothing folds; monochrome colour grading built entirely from pure white, deep black and layered graphite-gray tones, extremely crisp black linework, high micro-detail, controlled highlights, subtle paper-like texture, strong tonal separation, delicate cross-hatching, ink-wash gradients and a sophisticated fine-art editorial illustration finish. 
Negative prompt: changed identity, photorealistic colour rendering, 3D CGI, smooth digital painting, incorrect face angle, missing smile, distorted eyes, deformed hands, messy facial features, flat ink texture, symmetrical fragmentation, coloured elements, text, watermark.",images/2107539874958221667_0.jpg
2097819439106510993,2026-09-10T06:48:24+08:00,npaka123,https://x.com/npaka123,https://x.com/npaka123/status/2097819439106510993,23,ja,post,"このキャラクターのボカロmvの様々なカットを3x3で出力して。16:9

・gpt-image-2.5-flare
Landscape (1536 × 1024)
High
8秒

・gpt-image-2.5-sunbrust
Landscape (1536 × 1024)
High
30秒

・最初の2枚 flare
・最後の2枚 sunbrust",images/2097819439106510993_0.jpg | images/2097819439106510993_1.jpg | images/2097819439106510993_2.jpg | images/2097819439106510993_3.jpg
2107781229164556402,2026-10-07T18:33:00+08:00,Gdgtify,https://x.com/Gdgtify,https://x.com/Gdgtify/status/2107781229164556402,23,en,post,"do this for 4 unforgettable days in human history , 2x2 grid: CONCEPT ANCHOR 1: ""Stylized 3D animated rebel character — expressive oversized eyes, strong attitude pose, streetwear details, colorful hair, soft cinematic toy-like rendering""

::

CONCEPT ANCHOR 2: ""Fuzzy green minimalist toy-world — mossy texture, rounded trees, soft felt surfaces, tiny houses, gentle surreal creatures, quiet gray background""

::

CONCEPT ANCHOR 3: ""Isometric miniature scene — small props, tiny environmental storytelling, dollhouse-scale staging, clean studio lighting""

INSTRUCTION:
Find the exact visual center of these three concepts.
Ignore the literal character, trash can, animals, and room references.
Extract only the style and material logic.

Render $ SUBJECT as a soft but rebellious designer-toy diorama.

STYLE RULES:
- Convert the subject into a stylized 3D character, object, creature, or environment with clear attitude and expressive shape language.
- Use soft felt, moss, knitted fiber, fuzzy flocking, matte clay, and vinyl-like surfaces.
- Add small street or everyday details: stickers, scuffs, props, miniature objects, signs, containers, tools, or personal items inferred from the subject.
- Keep the world minimal and gallery-like, with calm gray or muted pastel background.
- Use bright accent colors only where they matter: hair-like forms, graffiti-like marks, symbols, accessories, tiny props.
- Blend softness with rebellion: cute surface texture, but confident pose and graphic edge.
- Use shallow studio lighting and clean product-shot presentation.

OUTPUT:
A collectible fuzzy designer-toy scene where $ SUBJECT becomes soft, expressive, slightly punk, and highly tactile.",images/2107781229164556402_0.jpg | images/2107781229164556402_1.jpg
2099845870116372912,2026-09-15T21:00:43+08:00,Mrpinecone888,https://x.com/Mrpinecone888,https://x.com/Mrpinecone888/status/2099845870116372912,22,zh,post,9:16 竖屏，韩国偶像居家私密肖像，单人主体，一位二十多岁的成年韩国女偶像跪坐在落地窗旁的柔软地毯上，从男友坐在她对面的视角拍摄。她穿超大号白衬衫与不暴露的黑色短底装，衬衫袖口盖住部分手背；长黑发松散扎成低马尾，脸侧留有自然碎发。身体朝向右侧，头部微微低下，视线落在双手捧着的奶油色马克杯上，唇角带着刚睡醒般的浅笑；一只手握杯柄，另一只手包住杯身。半身侧面构图，略低机位，前景带一点虚化的被角。阴天窗光形成柔和高光与低对比阴影，薄雾般黑柔滤镜、奶油灰色调、微弱镜头漏光、水润真实肤质、轻微胶片颗粒和不完美手持构图，营造安静自然、完全沉浸于当下的亲密抓拍感。,images/2099845870116372912_0.jpg
2107698195895902548,2026-10-07T13:03:03+08:00,EvoLinkAi,https://x.com/EvoLinkAi,https://x.com/EvoLinkAi/status/2107698195895902548,22,en,reply,"""prompt_type"": ""detailed_image_reconstruction"",
  ""aspect_ratio"": ""4:5 vertical portrait"",
  ""overall_goal"": ""Recreate the visual appearance, framing, lighting, styling, and casual smartphone-photo feel of the reference image as closely as possible while keeping the result photorealistic and natural."",

  ""subject"": {
    ""type"": ""young adult woman"",
    ""age_range"": ""early to mid 20s"",
    ""pose"": ""standing indoors, upper body turned slightly away from the camera while her face turns toward the lens"",
    ""body_position"": ""relaxed casual posture with shoulders slightly angled"",
    ""expression"": ""soft neutral expression with a subtle pout, calm and confident"",
    ""gaze"": ""looking directly toward the camera"",
    ""styling"": ""minimal everyday styling, clean and natural""
  },

  ""face"": {
    ""shape"": ""soft oval face with a gently tapered jawline"",
    ""forehead"": ""medium-height forehead partly framed by center-parted hair"",
    ""eyebrows"": ""natural medium-thick dark brown eyebrows with a soft arch"",
    ""eyes"": {
      ""shape"": ""almond-shaped"",
      ""color"": ""light brown to hazel"",
      ""appearance"": ""bright eyes with visible catchlights"",
      ""lashes"": ""long defined eyelashes with subtle mascara""
    },
    ""nose"": ""small straight nose with a softly rounded tip"",
    ""lips"": {
      ""shape"": ""full lips with a defined cupid's bow"",
      ""color"": ""natural rosy pink"",
      ""finish"": ""soft satin finish, not glossy""
    },
    ""skin"": {
      ""tone"": ""light warm-neutral skin tone"",
      ""texture"": ""smooth natural skin with subtle pores and realistic tonal variation"",
      ""cheeks"": ""soft natural pink flush"",
      ""finish"": ""fresh luminous skin without heavy retouching""
    },
    ""makeup"": ""very light natural makeup, softly defined lashes, subtle blush, natural pink lips, no dramatic contour""
  },

  ""hair"": {
    ""color"": ""rich medium-to-dark chocolate brown"",
    ""length"": ""very long, extending well below the chest"",
    ""parting"": ""clean center part"",
    ""texture"": ""mostly straight with very soft natural bends through the lower lengths"",
    ""density"": ""thick and healthy-looking"",
    ""finish"": ""smooth and glossy but still realistic"",
    ""front_sections"": ""two thin face-framing strands falling naturally along both sides of the face"",
    ""details"": ""visible individual strands, subtle flyaways near the crown, realistic highlights from sunlight, natural uneven strand separation"",
    ""movement"": ""hair hanging naturally over both shoulders and down the front of the shirt""
  },

  ""clothing"": {
    ""top"": ""oversized plain white crew-neck T-shirt"",
    ""fit"": ""loose casual fit"",
    ""fabric"": ""soft slightly wrinkled cotton"",
    ""logos"": ""none"",
    ""accessories"": ""no visible jewelry or prominent accessories""
  },

  ""composition"": {
    ""shot_type"": ""close upper-body portrait"",
    ""camera_angle"": ""slightly above chest level, close to eye level"",
    ""camera_distance"": ""approximately arm's-length smartphone distance"",
    ""subject_position"": ""face slightly right of center with long hair occupying much of the lower frame"",
    ""crop"": ""top of head fully visible, image extending down to around lower torso"",
    ""orientation"": ""vertical"",
    ""perspective"": ""natural wide smartphone-camera perspective with mild close-range distortion""
  },

  ""lighting"": {
    ""primary_source"": ""strong warm natural sunlight entering from the side/front through a nearby window"",
    ""direction"": ""sunlight striking the subject from camera-left/front"",
    ""face_effect"": ""bright warm illumination across the forehead, cheeks, nose, and hair"",
    ""hair_effect"": ""distinct brown highlights and soft reflective streaks along individual strands"",
    ""shadow_quality"": ""strong but soft-edged natural indoor shadows"",
    ""exposure"": ""face slightly brightly exposed while the room behind remains much darker"",
    ""color_temperature"": ""warm daylight""
  },

  ""environment"": {
    ""location"": ""casual indoor residential room"",
    ""background"": ""dark gray walls with a white ceiling cornice"",
    ""left_background"": ""open doorway or darker hallway area"",
    ""right_background"": ""dark wall and partially visible household objects"",
    ""lower_right"": ""part of a black tripod or light stand visible"",
    ""overall_feel"": ""ordinary lived-in room rather than a studio"",
    ""depth"": ""background moderately out of focus but still recognizable""
  },

  ""camera"": {
    ""capture_device"": ""modern smartphone camera"",
    ""lens_equivalent"": ""approximately 24-28mm full-frame equivalent"",
    ""focus"": ""sharp focus on face and front hair"",
    ""depth_of_field"": ""mostly natural smartphone depth of field with gentle background softness"",
    ""dynamic_range"": ""realistic phone-camera HDR with slightly clipped highlights in direct sun"",
    ""image_character"": ""casual social-media selfie/photo, not professionally staged""
  },

  ""photorealism_details"": [
    ""real individual hair strands"",
    ""natural skin pores and micro-texture"",
    ""subtle peach fuzz"",
    ""realistic eyelash separation"",
    ""tiny variations in lip texture"",
    ""slight fabric creases in the T-shirt"",
    ""small flyaway hairs around the crown"",
    ""natural sunlight falloff across the face"",
    ""slightly imperfect casual framing"",
    ""realistic indoor shadow noise""
  ],

  ""style"": {
    ""visual_style"": ""highly photorealistic casual smartphone portrait"",
    ""mood"": ""soft, youthful, relaxed, sunlit"",
    ""processing"": ""light social-media style processing with warm skin tones and slightly enhanced clarity"",
    ""avoid"": [
      ""cinematic movie lighting"",
      ""studio portrait lighting"",
      ""overly smooth plastic skin"",
      ""CGI appearance"",
      ""anime or illustration"",
      ""heavy beauty filter"",
      ""extreme facial symmetry"",
      ""over-sharpened hair"",
      ""artificial jet-black hair"",
      ""dramatic makeup"",
      ""excessive background blur"",
      ""professional studio backdrop"",
      ""text"",
      ""watermarks"",
      ""logos""
    ]
  },

  ""negative_prompt"": ""cartoon, anime, illustration, CGI, plastic skin, waxy face, over-retouched skin, excessive beauty filter, unnatural facial symmetry, distorted eyes, crossed eyes, malformed lips, warped face, duplicate hair strands, fake wig appearance, overly black hair, metallic hair shine, stiff hair, messy anatomy, distorted shoulders, extra limbs, extra fingers, studio backdrop, cinematic lighting, dramatic color grading, excessive bokeh, oversaturated colors, text, logo, watermark""
}

Inspired by @ViralOps_

Try Nano Banana 2.1 now:",images/2107698195895902548_0.jpg | images/2107698195895902548_1.jpg
2106608153614057523,2026-10-04T12:51:37+08:00,iamsofiaijaz,https://x.com/iamsofiaijaz,https://x.com/iamsofiaijaz/status/2106608153614057523,20,en,reply,"Cinematic high-fashion editorial photograph of a young male model standing perfectly still in the center of a crowded urban interior, surrounded by people rushing past him with strong motion blur. The model has tousled platinum-blond curly hair partially covering his forehead, pale skin, an intense neutral expression, and wears an oversized dark brown/black micro-checkered tailored suit with a black turtleneck. Sharp focus on the central subject while the surrounding crowd is heavily motion-blurred, creating a frozen-in-time effect. Moody low-key lighting, warm skin tones, muted brown and charcoal color palette, shallow depth of field, natural grain, subtle film texture, realistic photography, 35mm analog film aesthetic, fashion magazine editorial, dramatic composition, eye-level camera, slightly desaturated, atmospheric, sophisticated, raw and candid, vertical portrait, 4:5 aspect ratio.",images/2106608153614057523_0.jpg
2107646917664817570,2026-10-07T09:39:18+08:00,DeepBlueX0,https://x.com/DeepBlueX0,https://x.com/DeepBlueX0/status/2107646917664817570,17,zh,post,【主体】 × 稚拙手绘蜡笔画 × 儿童式自由想象 × 纸张纹理 × 大面积留白,images/2107646917664817570_0.jpg | images/2107646917664817570_1.jpg | images/2107646917664817570_2.jpg | images/2107646917664817570_3.jpg
2108039007376724135,2026-10-08T11:37:19+08:00,Goodmanprotocol,https://x.com/Goodmanprotocol,https://x.com/Goodmanprotocol/status/2108039007376724135,17,en,post,"Create a premium 4:5 vertical architectural travel artwork for [COUNTRY / CITY / LOCATION / LANDMARK].

TEXT-TO-IMAGE ONLY — generate the entire scene creatively from [COUNTRY / CITY / LOCATION / LANDMARK] alone. No reference image required.

CORE CONCEPT

Transform the destination into a charming handcrafted miniature world made entirely from knitted yarn, soft felt, embroidery, and plush textile materials. Reimagine its architecture, streets, nature, transportation, and local atmosphere as a sophisticated collectible textile diorama.

LANDMARK & COMPOSITION

Automatically select ONE unmistakable landmark representing [COUNTRY / CITY / LOCATION / LANDMARK] and make it the central hero.

Build a complete miniature environment around it using authentic local architecture, streets, gardens, trees, shops, landscape, and a few tiny generic yarn characters. Keep the landmark’s recognizable silhouette and defining architectural features while translating everything into rounded handmade textile forms.

MATERIAL LANGUAGE

Every element should visibly feel handmade:
- chunky knitted yarn
- soft felt
- embroidered details
- woven fabric
- stitched edges
- wool fibers
- plush textile surfaces
- tiny handcrafted imperfections

Architecture should look carefully constructed from layered fabric and yarn rather than plastic, clay, or CGI.

ATMOSPHERE

Create a warm, playful, cozy travel atmosphere with soft natural lighting, gentle shadows, tactile fibers, rounded forms, and subtle depth. Add small destination-specific details such as local food, transportation, plants, signs, or cultural objects where they naturally enhance the scene.

Keep the background simple and softly colored so the miniature world remains the focus.

STYLE

Architectural travel poster × knitted miniature diorama × handmade textile art × plush yarn world × sophisticated editorial illustration.

The result should feel like an elaborate handcrafted collectible discovered in a miniature museum — whimsical but visually refined and architecturally recognizable.

COLOR

Use a harmonious palette inspired by the destination itself, combining warm neutrals with a few distinctive local accent colors. Keep the colors soft, rich, and tactile rather than overly bright.

Avoid photorealism, plastic materials, smooth CGI, generic architecture, unrelated landmarks, hard geometric edges, excessive clutter, realistic humans, logos, watermarks, and flat vector illustration.

FORMAT

4:5 vertical, one cohesive miniature world, central landmark, rich textile detail, soft depth of field, premium handcrafted finish, highly detailed yarn and felt textures.",images/2108039007376724135_0.jpg | images/2108039007376724135_1.jpg | images/2108039007376724135_2.jpg | images/2108039007376724135_3.jpg
2098309691877241146,2026-09-11T15:16:29+08:00,xueyu1125,https://x.com/xueyu1125,https://x.com/xueyu1125/status/2098309691877241146,15,zh,reply,"创作一幅受【北京】启发的精致极简艺术海报。使用【北京】的标志性历史建筑作为中心视觉元素，但将其转化为优雅的当代编辑艺术作品，而非传统的地图，背景带有现代城市建筑的剪影轮廓。

动线周围开满了盛放的月季花，细节丰富细腻，灵感源自迪奥（Dior）花卉系列与 Pietro Ruffo 的艺术风格，手绘细腻的花卉在纯白背景板上梦幻般地自然交织缠绕。

画面采用手绘线条，红金相间，红色花瓣搭配金色勾边轮廓，建筑主体使用金色线条勾勒，线条简约纯粹，无杂乱繁复感。纯白色背景，顶部留出大面积空白，远景上方现代建筑若隐若现，虚实结合。色彩富有层次感而不显扁平，无杂乱、无照片级真实感、无过多文字、无国旗、无泛泛的旅游拼贴、无厚重边框。

垂直海报构图，9:16 纵横比，高细节但视觉极简。",images/2098309691877241146_0.jpg
2107818993813950746,2026-10-07T21:03:04+08:00,DeepBlueX0,https://x.com/DeepBlueX0,https://x.com/DeepBlueX0/status/2107818993813950746,13,zh,post,【游戏名】 × PSP第一人称掌机视角 × 屏幕内16位战场 × 复古掌机UI,images/2107818993813950746_0.jpg | images/2107818993813950746_1.jpg | images/2107818993813950746_2.jpg | images/2107818993813950746_3.jpg
2099515022372454882,2026-09-14T23:06:03+08:00,HarunagaMutsuki,https://x.com/HarunagaMutsuki,https://x.com/HarunagaMutsuki/status/2099515022372454882,11,ja,alt,"（universal）
A hyper-realistic photography of a sleek glass skywalk creating a luminous Connection between two modern skyscrapers in a dense metropolis at twilight. The architectural Joint where glass meets steel gleams under city lights, bustling urban street far below, 8k resolution, photorealistic architectural visualization 
--ar 3:4",images/2099515022372454882_0.jpg
2107793955807207567,2026-10-07T19:23:34+08:00,Enaya_ai,https://x.com/Enaya_ai,https://x.com/Enaya_ai/status/2107793955807207567,10,en,reply,"CREATE A MASTERPIECE — “SOUL OF THE HORIZON”
DOUBLE EXPOSURE CINEMATIC PORTRAIT

Gunakan gambar referensi sebagai acuan utama karakter wanita. Pertahankan identitas wajah secara konsisten dan natural: bentuk wajah, struktur tulang, mata, hidung, bibir, warna kulit, karakter rambut, dan proporsi tubuh tetap mengikuti referensi. Jangan melakukan face swap, jangan mengubah struktur wajah, jangan melakukan beautification berlebihan.

SUBJECT:
Seorang wanita dewasa muda dengan penampilan natural dan elegan, tinggi sekitar 170 cm, tubuh proporsional atletis, rambut cokelat gelap panjang bergelombang natural, kulit cerah natural, mata cokelat. Mengenakan kaus putih sederhana, celana cargo hitam longgar, dan sneakers putih.

KOMPOSISI DOUBLE EXPOSURE:
Buat komposisi artistik premium dengan tiga lapisan visual yang menyatu sempurna:

1. LARGE PORTRAIT:
Close-up wajah wanita mendominasi sisi kiri frame, ekspresi tenang, percaya diri, natural, tatapan lembut ke arah kamera. Detail mata, rambut, kulit, dan tekstur wajah sangat realistis.

2. PROFILE EXPOSURE:
Siluet/profil wajah wanita berukuran besar di sisi kanan, semi-transparan dan menyatu dengan lanskap. Di dalam siluet terdapat pegunungan vulkanik, awan, hutan, air terjun, danau, kabut pagi, serta cahaya matahari terbit.

3. FULL-BODY SUBJECT:
Versi full body wanita berdiri dengan pose elegan dan percaya diri di atas batu pada sebuah dataran tinggi. Satu tangan santai di saku celana, postur natural, kaki terlihat penuh, sneakers putih terlihat jelas.

ENVIRONMENT:
Lanskap sinematik spektakuler berupa pegunungan Indonesia, gunung vulkanik, hutan hijau, air terjun, danau luas, lembah berkabut, burung terbang jauh, serta golden sunrise di horizon.

VISUAL FUSION:
Pastikan transisi antara wajah dan lanskap sangat halus.
Rambut berubah secara artistik menjadi kabut dan pepohonan.
Area wajah menyatu dengan langit dan pegunungan.
Tubuh menyatu dengan lanskap tanpa terlihat seperti kolase.
Gunakan teknik professional fine-art double exposure photography.
Layering kompleks tetapi tetap bersih dan elegan.
Tidak boleh terlihat seperti tempelan dua gambar.

LIGHTING:
Golden hour sunrise,
soft cinematic backlight,
warm rim light pada rambut,
natural volumetric light,
subtle atmospheric haze,
realistic shadows,
HDR balanced exposure,
cinematic dynamic range.

CAMERA & QUALITY:
Ultra-photorealistic,
professional flagship DSLR look,
85mm portrait lens,
f/1.8,
shallow depth of field,
extreme micro-detail,
realistic skin pores,
natural hair strands,
realistic fabric texture,
cinematic color grading,
HDR,
8K ultra detailed,
high dynamic range,
professional fashion editorial photography,
premium fine-art photography,
photorealistic,
no CGI appearance.

COLOR PALETTE:
Warm gold sunrise,
deep emerald green,
soft blue atmospheric shadows,
natural skin tones,
subtle cinematic contrast.

BRANDING:
Tambahkan signature elegan “PUTRA AI” di bagian kiri bawah, handwritten premium signature, subtle blue-to-gold gradient, elegant swoosh, kecil namun jelas, menyatu dengan artwork dan tidak menutupi subjek.

FORMAT:
Vertical 9:16,
masterpiece composition,
subject fully visible,
balanced visual hierarchy,
high-end cinematic poster,
gallery-quality artwork.

NEGATIVE PROMPT:
face distortion, altered identity, face swap, different person, asymmetrical eyes, distorted hands, extra fingers, extra limbs, duplicate body, duplicate face, plastic skin, excessive beauty filter, unrealistic skin, CGI, 3D render, cartoon, anime, blurry face, low resolution, oversharpening, bad anatomy, warped clothing, floating objects, harsh artifacts, obvious collage, poorly blended double exposure, text errors, watermark selain “Enaya AI”.",images/2107793955807207567_0.jpg | images/2107793955807207567_1.jpg
2097626216081895806,2026-09-09T18:00:36+08:00,SJinn_Agent,https://x.com/SJinn_Agent,https://x.com/SJinn_Agent/status/2097626216081895806,9,en,reply,"gpt-image-2.5

prompt:

A straight-out-of-camera natural-light documentary street portrait photo of an adult young woman walking along an ordinary city street, framed from the waist up with a slightly off-center composition, her body moving naturally while her quiet, unposed gaze briefly meets the camera, wearing a simple faded charcoal jacket over a plain cotton shirt with visible weave, small wrinkles, lint, and natural fold shadows. Soft overcast daylight reveals visible pores across her cheeks, nose, forehead, and chin, fine vellus hair along the jaw and temples, mild redness around the nose and eyelids, natural under-eye texture, a few tiny blemishes, subtle T-zone shine, realistic muted lips with vertical lines and slight dryness, individual eyebrow hairs, a naturally uneven hairline, and loose flyaway strands shifting in a light breeze; preserve slight facial asymmetry and realistic eye moisture with small imperfect catchlights. Use believable portrait-lens compression and shallow but moderate depth of field, with the eye plane crisp and the ears, shoulders, passing pavement, worn building façades, and a few distant pedestrians gently falling out of focus, while retaining enough ordinary street context to make the location physically convincing. Include mild edge softness, faint grain in shadow areas, a slightly cool imperfect white balance, natural highlight rolloff, and soft real shadows beneath the nose, chin, collar, and hair strands. Keep the background subdued and free of readable signs or logos, with plausible muted greys, beige concrete, faded green, and natural skin tones. The emotional register is restrained, honest, slightly introspective, and physically present, with no airbrushing, no poreless or porcelain skin, no beauty retouching, no glamour pose, no fashion-campaign polish, no dramatic rim light, no neon, no CGI smoothness, no fake bokeh, no overprocessed HDR, no generic stock-photo look, no readable text, no logos, and no watermark.",images/2097626216081895806_0.jpg
2100886866555986145,2026-09-18T17:57:16+08:00,kaen_sv,https://x.com/kaen_sv,https://x.com/kaen_sv/status/2100886866555986145,9,en,reply,"Turn my uploaded photo into a 3:4 vertical split-screen image, divided evenly into top and bottom halves.

Top half: keep the original subject, composition, lighting, and realistic texture. Apply only a natural, refined, magazine-style color grade.

Bottom half: do not simply copy the original. First, identify what is most memorable about the photo — it could be a subject, an action, a relationship, a mood, or a subtle coincidence within the frame. Extract the most representative element and reimagine it as a playful little scene combining the real subject with minimalist black line-drawn figures.

Keep the subject's real materials and colors. Draw the figures with thin black lines, and let them interact naturally with the scene — climbing, carrying, observing, pulling, repairing, and so on. Use an off-white or light background with generous negative space.

Based on the photo's mood, Add a short handwritten English note, like a casual journal entry, with the date and location, e.g. Sept 18, Boo kap, like a casual side note.
The overall feel should be light, restrained, and clever, like a small insert page in an indie magazine. Avoid a cartoon sticker look, and don't overcrowd the composition.",images/2100886866555986145_0.jpg | images/2100886866555986145_1.jpg | images/2100886866555986145_2.jpg | images/2100886866555986145_3.jpg
2097435771959488885,2026-09-09T05:23:51+08:00,nouryyildiz,https://x.com/nouryyildiz,https://x.com/nouryyildiz/status/2097435771959488885,8,en,post,"Use my uploaded photo as reference. Create a photorealistic early-1990s candid selfie with ALF on the sitcom set. Keep my face recognizable. No camera visible. Warm vintage TV lighting, natural smiles, slight 35mm grain, imperfect snapshot framing, 4:3.",images/2097435771959488885_0.jpg
2107777203194732625,2026-10-07T18:17:00+08:00,avocadoai_co,https://x.com/avocadoai_co,https://x.com/avocadoai_co/status/2107777203194732625,8,en,alt,"Low-quality handheld camcorder frame, like a 2009 phone video screenshot. A tiny fluffy black kitten in a small dented steel plate armor and a white cape whipping in the wind, gripping a longsword taller than itself with both front paws, blade pointing up, standing in wet knee-high grass on a foggy moor. Heavy overcast mist, flat grey light, washed-out colors, soft focus, motion blur on the cape, video compression noise, slight wrong white balance. No crown, no throne, no dragon, no lens flare. Candid and real, as if someone actually filmed a kitten knight in a field.",images/2107777203194732625_0.jpg | images/2107777203194732625_1.jpg
2107847892799254953,2026-10-07T22:57:54+08:00,abxxai,https://x.com/abxxai,https://x.com/abxxai/status/2107847892799254953,8,en,post,"A close-up straight-on smartphone selfie of the same young woman, taken at arm's length with a wide-angle phone lens, placed in the right foreground of a sunlit contemporary living room. She has hazel-green eyes, sun-kissed light-tan skin with faint freckles across the nose and cheeks, and long straight balayage hair with darker brown roots and honey-gold highlights, one loose strand framing the left side of her forehead. She rests her cheek gently on her left palm, two minimalist silver rings on her fingers, glossy pink lips, calm introspective gaze into the lens. An oversized chunky deep-burgundy cable-knit sweater with ribbed cuffs fills the lower half of the frame. Direct mid-afternoon window sunlight rakes across her face, crisp shadows and warm highlights. Behind her, softly blurred: a beige pillow on a cream couch, a small bright window, a large arc of sunlight falling on the off-white wall. Palette of 50% creamy off-white and warm greige, 35% rich burgundy wine, 15% golden beige and honey. Moderate shallow depth of field, sharp detail on eyes and knit, slight wide-angle curve in horizontal lines, natural skin texture with visible pores, cozy quiet mood.",images/2107847892799254953_0.jpg
2097720524113580184,2026-09-10T00:15:21+08:00,shirawiggles,https://x.com/shirawiggles,https://x.com/shirawiggles/status/2097720524113580184,7,en,reply,"Prompt template: ""What would I look like if I were a character from [ ] Outfit: change it completely to something a character from this world""

Link:",images/2097720524113580184_0.jpg
2097732031194996758,2026-09-10T01:01:04+08:00,nonameoasis,https://x.com/nonameoasis,https://x.com/nonameoasis/status/2097732031194996758,7,en,reply,"It resembles an oil painting, revealing the canvas texture, brushstrokes, and all the hallmarks of Renaissance art: the scene depicts Raymond Reddington lying on the ground, battered and bloodied following the charge of the bull that claimed his life. In the background, the ferocious bull is faintly visible—horns raised in a defiant stance—within a dramatic, poetic composition worthy of a Renaissance masterpiece. Special emphasis is placed on the dramatic details and lighting, which sharply focuses on the victim while using light and shadow to render the aggressor in the background; in the upper corner, the words ""The Black List"" appear as a blood-red signature, the crimson paint seemingly running down the surface.",images/2097732031194996758_0.jpg
2097902132682715547,2026-09-10T12:17:00+08:00,AIReelofficial,https://x.com/AIReelofficial,https://x.com/AIReelofficial/status/2097902132682715547,7,en,reply,"prompt:Create an animation based on the uploaded reference image, converting it into a 4x4 sprite sheet that depicts dynamic combat action. Finally, please produce a flawless GIF. My avatar is in the 8-bit SNES style and converted the 4×4 SNES pixel-art fighting sprite sheet into a looping GIF animation.",images/2097902132682715547_0.jpg
2107847875250274784,2026-10-07T22:57:50+08:00,abxxai,https://x.com/abxxai,https://x.com/abxxai/status/2107847875250274784,7,en,post,"SCENE CONTEXT
A photoreal character reference sheet of one young woman, built from the attached first-frame selfie, for identity lock in a UGC try-on video.

SUBJECT
A young woman in her mid-twenties, slim build. Face: fair skin with a warm golden undertone and a soft capillary flush across the cheeks and nose, dense natural freckles scattered across the nose bridge, both cheeks and the upper lip area, hazel-green almond eyes with a warm golden ring around the pupil, thick natural brows with a fairly straight line and a soft arch at the tail, straight narrow nose with a slight sun-lit sheen on the bridge, full lips in a glossy rose-nude with a defined cupid's bow, dewy bare skin with no visible foundation. Hair: long layered light-brown hair with caramel and honey-blonde balayage streaks, a clean center part, slightly piecey loose waves, soft face-framing strands falling past the collarbones. Hands: short soft almond nails in a sheer nude, two thin stacked silver band rings on the ring finger. Outfit: an oversized burgundy chunky-knit funnel-neck sweater in a fuzzy mohair-blend yarn with a soft halo of fibres, cream relaxed wide-leg trousers, bare feet. 100% matches the reference.

LAYOUT
Four panels side by side, 100% consistent across all 4 shots: face close-up at 18° FOV looking to the lens, head and shoulders three-quarter left at 29° FOV, full body front at 47° FOV, full body back at 47° FOV.

OPTICS
Natural perspective, deep focus, high micro-contrast, fine skin texture preserved.

CAMERA
Eye level, subject centred in each panel, straight rectilinear framing.

BACKGROUND
Seamless neutral light-grey cyclorama, soft contact shadow at the feet.

LIGHTING
Even soft studio softbox key from the front-upper, gentle fill, WB 5200K, freckles and skin texture fully readable.

MATERIAL
Pore-level realism: vellus hair along the jaw and hairline, asymmetric freckles, capillary flush, wet living eyes with catch-lights. Fuzzy knit halo and individual yarn loops readable on the sweater.

STYLE
Photoreal editorial studio photography, 8K, no 3D render.

POSITIVE LOCKS
Single subject, no extra people, no text overlays, no watermark. Face, freckles, eye colour, brows, lips and hair identical in all four panels. Eyes stay natural, no eye glow.SCENE CONTEXT
A photoreal character reference sheet of one young woman, built from the attached first-frame selfie, for identity lock in a UGC try-on video.

SUBJECT
A young woman in her mid-twenties, slim build. Face: fair skin with a warm golden undertone and a soft capillary flush across the cheeks and nose, dense natural freckles scattered across the nose bridge, both cheeks and the upper lip area, hazel-green almond eyes with a warm golden ring around the pupil, thick natural brows with a fairly straight line and a soft arch at the tail, straight narrow nose with a slight sun-lit sheen on the bridge, full lips in a glossy rose-nude with a defined cupid's bow, dewy bare skin with no visible foundation. Hair: long layered light-brown hair with caramel and honey-blonde balayage streaks, a clean center part, slightly piecey loose waves, soft face-framing strands falling past the collarbones. Hands: short soft almond nails in a sheer nude, two thin stacked silver band rings on the ring finger. Outfit: an oversized burgundy chunky-knit funnel-neck sweater in a fuzzy mohair-blend yarn with a soft halo of fibres, cream relaxed wide-leg trousers, bare feet. 100% matches the reference.

LAYOUT
Four panels side by side, 100% consistent across all 4 shots: face close-up at 18° FOV looking to the lens, head and shoulders three-quarter left at 29° FOV, full body front at 47° FOV, full body back at 47° FOV.

OPTICS
Natural perspective, deep focus, high micro-contrast, fine skin texture preserved.

CAMERA
Eye level, subject centred in each panel, straight rectilinear framing.

BACKGROUND
Seamless neutral light-grey cyclorama, soft contact shadow at the feet.

LIGHTING
Even soft studio softbox key from the front-upper, gentle fill, WB 5200K, freckles and skin texture fully readable.

MATERIAL
Pore-level realism: vellus hair along the jaw and hairline, asymmetric freckles, capillary flush, wet living eyes with catch-lights. Fuzzy knit halo and individual yarn loops readable on the sweater.

STYLE
Photoreal editorial studio photography, 8K, no 3D render.

POSITIVE LOCKS
Single subject, no extra people, no text overlays, no watermark. Face, freckles, eye colour, brows, lips and hair identical in all four panels. Eyes stay natural, no eye glow.SCENE CONTEXT
A photoreal character reference sheet of one young woman, built from the attached first-frame selfie, for identity lock in a UGC try-on video.

SUBJECT
A young woman in her mid-twenties, slim build. Face: fair skin with a warm golden undertone and a soft capillary flush across the cheeks and nose, dense natural freckles scattered across the nose bridge, both cheeks and the upper lip area, hazel-green almond eyes with a warm golden ring around the pupil, thick natural brows with a fairly straight line and a soft arch at the tail, straight narrow nose with a slight sun-lit sheen on the bridge, full lips in a glossy rose-nude with a defined cupid's bow, dewy bare skin with no visible foundation. Hair: long layered light-brown hair with caramel and honey-blonde balayage streaks, a clean center part, slightly piecey loose waves, soft face-framing strands falling past the collarbones. Hands: short soft almond nails in a sheer nude, two thin stacked silver band rings on the ring finger. Outfit: an oversized burgundy chunky-knit funnel-neck sweater in a fuzzy mohair-blend yarn with a soft halo of fibres, cream relaxed wide-leg trousers, bare feet. 100% matches the reference.

LAYOUT
Four panels side by side, 100% consistent across all 4 shots: face close-up at 18° FOV looking to the lens, head and shoulders three-quarter left at 29° FOV, full body front at 47° FOV, full body back at 47° FOV.

OPTICS
Natural perspective, deep focus, high micro-contrast, fine skin texture preserved.

CAMERA
Eye level, subject centred in each panel, straight rectilinear framing.

BACKGROUND
Seamless neutral light-grey cyclorama, soft contact shadow at the feet.

LIGHTING
Even soft studio softbox key from the front-upper, gentle fill, WB 5200K, freckles and skin texture fully readable.

MATERIAL
Pore-level realism: vellus hair along the jaw and hairline, asymmetric freckles, capillary flush, wet living eyes with catch-lights. Fuzzy knit halo and individual yarn loops readable on the sweater.

STYLE
Photoreal editorial studio photography, 8K, no 3D render.

POSITIVE LOCKS
Single subject, no extra people, no text overlays, no watermark. Face, freckles, eye colour, brows, lips and hair identical in all four panels. Eyes stay natural, no eye glow.",images/2107847875250274784_0.jpg
2097602211643883913,2026-09-09T16:25:13+08:00,novalintonai,https://x.com/novalintonai,https://x.com/novalintonai/status/2097602211643883913,5,en,reply,"Create a transparent 4×4 pixel-art sprite sheet containing exactly 16 sequential battle-animation frames of Naruto Uzumaki.

CHARACTER DESIGN

Create a recognizable chibi Naruto Uzumaki with:

Spiky blond hair
Blue eyes
Leaf Village forehead protector
Three whisker marks on each cheek
Orange-and-black Shippuden-era ninja outfit
Open-toe shinobi sandals
Small utility pouch

Keep his identity, proportions, outfit, colors, equipment, and sprite scale consistent across all 16 frames.

ANIMATION DESIGN

Create one seamless Rasengan attack loop:

1–2: Ready fighting stance with subtle breathing
3–4: Naruto crouches and pulls his right arm back
5–6: A compact blue-cyan Rasengan forms in his right hand
7–9: Naruto rapidly dashes forward and thrusts the Rasengan
10: Impact peak with a controlled circular chakra burst
11–13: Chakra particles dissipate while Naruto recoils and plants his feet
14–15: Recovery back into the ready stance
16: Nearly matches frame 1 for a smooth seamless loop
Animate real changes in the legs, hips, torso, shoulders, arms, head, hair, and clothing. Do not create movement by simply translating or rotating the same static sprite.
PIXEL-ART STYLE
Use crisp 16-bit console-style pixel art with:
Sharp, hard pixel edges
A restrained color palette
Readable silhouettes
Consistent pixel density

Compact blue-cyan chakra effects

No blur, gradients, antialiasing, photorealism, vector softness, or style drift.

SPRITE SHEET

Exactly 4 columns × 4 rows
Exactly 16 frames
Frames play from left to right, then top to bottom
Equal square cells
Fixed three-quarter side-view camera facing right

Stable ground baseline and animation registration

Exactly one Naruto in each cell

Keep the entire character and every chakra effect inside its cell
Leave at least 24 pixels of transparent padding on every side
Nothing may touch or cross a cell boundary
No cropped elements or neighboring-frame bleed
OUTPUT
Use a genuinely transparent RGBA background.
Do not add a checkerboard pattern, background scenery, ground, grid lines, borders, text, frame numbers, titles, logos, or watermarks.
Return only the finished transparent 4×4 PNG sprite sheet.",images/2097602211643883913_0.jpg
2107782148724060549,2026-10-07T18:36:39+08:00,NoravaleAI,https://x.com/NoravaleAI,https://x.com/NoravaleAI/status/2107782148724060549,4,en,reply,"Transform the uploaded photo into a premium **travel-memory Emoji scrapbook poster**.

Use the uploaded photo as the primary visual reference. Preserve the important subjects, people, objects, environment, composition, colors, atmosphere, and recognizable details accurately.

Do not alter the identity, facial features, body proportions, clothing, or important structure of the main subject.

Create a **vertical 3:4 editorial scrapbook composition**, divided horizontally into two clean, balanced sections.

## TOP 50% — ORIGINAL MEMORY

Display the original photograph prominently.

Keep it realistic and photographic, with only subtle enhancement:

- warm natural color grading
- soft cinematic light
- slightly elevated contrast
- realistic skin and materials
- gentle film-like texture
- refined travel-editorial photography aesthetic

Do not over-retouch the image.

Do not turn the photograph into an illustration.

The upper half should still feel like an authentic candid memory captured on camera.

---

## BOTTOM 50% — EMOJI MEMORY BOARD

Transform the most recognizable elements from the photograph into a curated collection of **6–9 custom Emoji-style icons**.

Automatically identify the strongest visual memories in the uploaded photo, such as:

- food or drinks
- buildings or landmarks
- clothing or accessories
- flowers, trees or plants
- clouds, sun, moon or weather
- vehicles
- animals
- street objects
- travel items
- meaningful objects held by the subject
- distinctive colors or visual motifs

Every Emoji must clearly originate from something visible in the uploaded photograph.

Do not introduce unrelated objects.

### EMOJI STYLE

Render each extracted element as a polished, dimensional **premium Emoji sticker**:

- clean rounded forms
- expressive simplified shapes
- soft dimensional volume
- subtle glossy highlights
- gentle ambient shadows
- rich but tasteful colors
- slightly playful proportions
- crisp edges
- highly recognizable silhouettes
- modern mobile-Emoji aesthetic
- sophisticated rather than childish
- visually consistent across all icons

The Emoji should feel like a beautifully designed custom icon set inspired by the photograph.

Avoid mixing different Emoji styles.

Do not use hand-drawn sketches, watercolor, pencil, ink, line art, photorealism, or realistic miniature objects.

---

## LAYOUT

Place the Emoji icons on a warm ivory / soft off-white editorial paper background.

Arrange them in a refined loose **3 × 3 memory grid**.

The grid does not need to be perfectly rigid.

Allow slight variation in:

- Emoji scale
- vertical position
- rotation
- spacing

to create a natural scrapbook feeling.

Keep generous negative space.

Do not place visible boxes around individual Emoji.

Use extremely subtle shadows beneath selected Emoji so they feel like small digital stickers resting on the page.

Add only a few tiny supporting Emoji accents where appropriate, such as:

✨ ⭐️ ☁️ 💛 🌿 🫧 ☀️ 💫

Use them sparingly.

The composition should remain elegant and uncluttered.

---

## TITLE

At the top of the Emoji section, add one short editorial title inspired by the photograph.

Examples:

“PARIS MEMORIES”
“SUMMER DAYS”
“WEEKEND MOMENTS”
“LITTLE THINGS”
“SWEET MEMORIES”
“ONE PERFECT DAY”

Use clean, minimal typography.

The title may combine:

a refined serif or sans-serif typeface  
+ one small Emoji accent.

For example:

SUMMER DAYS ☀️

or

PARIS MEMORIES ✨

Do not use elaborate handwritten lettering.

---

## OPTIONAL MICRO LABELS

Under only 3–5 of the main Emoji icons, add extremely short labels of no more than 1–2 words.

Examples:

morning coffee  
blue skies  
little flowers  
sweet treat  
city lights  
slow morning  
sunset walk

Keep the text small, subtle, editorial, and secondary to the Emoji.

If accurate typography cannot be generated cleanly, omit the labels rather than creating incorrect text.

---

## BOTTOM CAPTION

At the very bottom, add one tiny sentimental line.

Examples:

“a day worth keeping ♡”

“little moments, big memories”

“saved in my camera roll ♡”

“wish I could replay this day”

“one of those days ✨”

Keep it understated and elegant.

---

## OVERALL ART DIRECTION

The final image should feel like:

premium travel editorial  
× modern Emoji sticker sheet  
× personal camera-roll memory  
× Pinterest scrapbook  
× contemporary lifestyle magazine

It should feel playful, nostalgic and social-media-friendly while still looking sophisticated and carefully art-directed.

The Emoji section should look specifically designed from the uploaded photograph, not like a generic collection of existing Emoji.

---

## IMPORTANT

- One original photograph + one Emoji memory section
- Clean 50/50 horizontal composition
- Vertical 3:4 format
- Preserve the original photograph realistically
- Extract 6–9 recognizable elements directly from the photograph
- Convert those elements into one consistent premium Emoji visual language
- No unrelated random Emoji
- No hand-drawn illustration
- No watercolor
- No pencil or ink sketches
- No photorealistic miniature objects
- No complex frames
- No visible boxes around each Emoji
- No excessive decorations
- No clutter
- No childish cartoon style
- No inconsistent Emoji rendering styles
- Minimal typography
- Warm ivory background
- Generous negative space
- Clean, premium, playful, nostalgic aesthetic",images/2107782148724060549_0.jpg | images/2107782148724060549_1.jpg | images/2107782148724060549_2.jpg | images/2107782148724060549_3.jpg
2107487152187589002,2026-10-06T23:04:26+08:00,Scenario_gg,https://x.com/Scenario_gg,https://x.com/Scenario_gg/status/2107487152187589002,3,en,post,"Professional anime character design illustration. One single character, full body, standing in a relaxed three-quarter front view on a pure flat white background, the entire figure visible from the top of the head to the soles of the boots with generous white margins. Front-facing enough that the face reads clearly.

Original character ""Rivet"": a 19-year-old scrapyard mechanic and robot builder, tomboyish, confident, with a big crooked grin.

HEAD: a messy short wolf-cut in bright mint green with a darker teal underlayer and a few spiky flyaway strands; oversized chunky welding goggles with round amber lenses and a thick black strap pushed up on her forehead; big over-ear headphones in hazard yellow resting around her neck.
FACE: warm light skin, a constellation of freckles across the nose, a small white band-aid on the bridge of her nose, large sharp eyes with hot-pink irises, thick confident eyebrows, a wide toothy grin with one small fang, a little grease smudge on one cheek.
OUTFIT: a huge boxy padded work jacket in hazard yellow, worn slipping off her left shoulder, two horizontal black-and-silver reflective tape stripes around each sleeve, chunky utility pockets, a round mint patch with a simple gear icon on the chest; underneath a white ribbed tank top; charcoal-grey cargo shorts with yellow webbing straps and a tool belt with a few small tools; her right forearm and hand are a sleek mechanical prosthetic in glossy white ceramic panels with thin mint seam lines and black joints; a black fingerless glove on the left hand; mismatched knee socks, one mint and one hot pink; very chunky white high-top work boots with thick yellow treaded soles and fat yellow laces.
POSE: weight on one leg, left hand on hip, the white mechanical right hand resting a big oversized steel wrench on her shoulder, a slight lean toward the viewer, cocky and friendly.

STYLE: top-tier professional character designer's key illustration, the quality of a premium action game's character reveal art. Bold graphic urban anime style: thick confident black ink outlines with varied weight, flat cel colours with crisp two-tone shading, small halftone dot accents inside the shadows, sharp angular shape language, a very strong readable silhouette. Strict limited palette: hazard yellow, mint green, clean white and charcoal grey, with hot pink as the single accent. Clean, crisp, high resolution. No text, no letters, no logo, no brand marks, no signature, no watermark, no background objects, only a faint soft contact shadow under the boots.

2. Redesign
Prompt (GPT Image 2.5 Sunburst, image 1 = the design, image 2 = a Krea 2 Medium version for style):
Final redesign pass by a top professional character designer. Image 1 is the design and anatomy of Rivet: keep her pose, proportions, mint wolf-cut, amber goggles, yellow headphones, boxy hazard-yellow work jacket with reflective sleeve stripes and mint gear patch, white tank top, charcoal cargo shorts with yellow straps and tool belt, white mechanical right arm with mint seams, fingerless glove, mismatched mint and pink socks, chunky white work boots with yellow soles and laces, the big wrench on her shoulder. Image 2 is the rendering style to adopt: thick confident black ink outlines, flat bold colour fills, crisp two-tone cel shadows, small halftone dot accents, graphic poster-like shapes.

Redraw image 1 in the style of image 2. One single full-body character on a pure flat white background, three-quarter front view, the whole figure visible with white margins.

Improvements:
- Warm, saturated hazard yellow on the jacket (not neon lime), clean flat fills, no dirt texture on clothes; only one small grease smudge on her cheek.
- Face: extremely appealing and charismatic, large sharp hot-pink eyes with bright highlights, freckles, the white band-aid across her nose, a big confident toothy grin with one fang.
- Slightly stylized proportions: a touch larger head and hands, chunky boots, strong readable silhouette.
- Lineart with real weight variation, like a professional illustrator's finished character reveal art.

Strict palette: hazard yellow, mint green, clean white, charcoal grey, hot pink accent. No text, no letters, no logos, no brand marks, no watermark, only a faint contact shadow.

3. Close-up
Prompt (GPT Image 2.5 Sunburst, image 1 = the redesign):
Using image 1 as the exact character design and art style, draw a waist-up portrait of the same character, Rivet, as an animation close-up reference sheet. Front view, facing the viewer directly and making eye contact, centered, on a pure flat white background. Landscape framing: the top of her messy mint hair and the amber goggles near the top edge, cut at the waist at the bottom. Both hands held open in front of her chest, palms up, as if about to offer something: the glossy white mechanical right hand with mint seams and the left hand in a black fingerless glove; nothing in them. No wrench.

The face is large, clear and extremely charismatic: big sharp hot-pink eyes with bright highlights, thick expressive eyebrows, freckles, the white band-aid across her nose, a big confident toothy grin with one fang, a single small grease smudge on her cheek. Mint wolf-cut with teal underlayer, amber goggles pushed up on her forehead, hazard-yellow headphones around her neck, boxy hazard-yellow work jacket slipping off one shoulder with black-and-silver reflective sleeve stripes and the mint gear patch, white ribbed tank top.

Same thick black ink outlines, flat bold colour fills, crisp two-tone cel shadows and small halftone accents as image 1, professional illustrator quality. No text, no letters, no logos, no watermark.",images/2107487152187589002_0.jpg | images/2107487152187589002_1.jpg
2107715481939394753,2026-10-07T14:11:45+08:00,EvoLinkAi,https://x.com/EvoLinkAi,https://x.com/EvoLinkAi/status/2107715481939394753,3,en,reply,"A spectacular vintage screen-print illustration of a tall colorful lighthouse standing alone on a dark rocky island in a vast nighttime ocean. The lighthouse has geometric blocks of cream, hot pink, yellow and cobalt blue, with a dark blue roof. Its powerful yellow beam sweeps across the sky in a huge curved arc. Deep blue ocean with stylized white waves fills the bottom of the image. Dense halftone dots cover every surface, with rough paper texture and imperfect ink registration. Limited retro CMYK palette, flat graphic shapes, 1970s children's storybook screen-print aesthetic, mysterious and magical atmosphere, no text, 1:1.

Inspired by @hakmgpt

Try the Nano Banana 2.1 now:",images/2107715481939394753_0.jpg
2097678119314575676,2026-09-09T21:26:51+08:00,jojogh_007,https://x.com/jojogh_007,https://x.com/jojogh_007/status/2097678119314575676,2,zh,post,生成一个哈登从进入NBA到现在，历届抢七大战的数据分析信息图。,images/2097678119314575676_0.jpg | images/2097678119314575676_1.jpg
2098063949069791659,2026-09-10T23:00:00+08:00,yanhua1010,https://x.com/yanhua1010,https://x.com/yanhua1010/status/2098063949069791659,2,zh,post,“创建一张nano banana和gpt-image 2.5的竞赛照片”。,images/2098063949069791659_0.jpg | images/2098063949069791659_1.jpg
2107521495601725608,2026-10-07T01:20:55+08:00,RougeHalo_AI,https://x.com/RougeHalo_AI,https://x.com/RougeHalo_AI/status/2107521495601725608,2,en,post,"ChatGPT / GPT Image 2.5

Create a source-faithful photorealistic vertical recreation at 1122:1493. The supplied image controls the subject’s identity, complexion, proportions, hair, outfit, accessories, perspective, and asymmetric crouch. Do not beautify or reshape.

Place her low on granular gray asphalt beside a curb and building frontage, viewed downward from above head height. Keep her torso fairly upright with slight forward lean and lowered pelvis. The image-left leg folds inward; its broad trouser knee projects lower-left and partly hides its pump. The image-right thigh opens outward, knee bent, shin descending to a glossy pump at far right. Preserve two continuous legs and two grounded shoes—no hidden seat or kneeling contact.

Incline her head down toward image-right. Keep oversized thin-metal aviator sunglasses with amber/gold/yellow-green reflective lenses obscuring the eyes; do not invent a gaze. Preserve defined brows and slightly parted brown-nude lips. Dark-rooted honey/beige-blonde hair forms broad layered waves over the image-left shoulder and beside the image-right arm, with bright ribbons, darker interiors, and flyaways—not ringlets.

The image-right arm bends upward, hand partly hidden by neck and hair. The opposite arm crosses diagonally down between the legs without touching the road or holding the bag. Preserve separate silver sculptural open wraps at the image-left elbow/forearm and wrist; do not connect them into a continuous coil.

Wardrobe: black structured bustier with opaque shaped cups, softer partly sheer lower bodice, vertical seams, and broad straps with repeated silver fittings. Add matte black loose cargo trousers with volume, compression folds, pockets, gathered cuffs, waist drawcords, and a loose cord loop beside the image-right cuff. Both shoes are glossy black pointed-toe pumps with narrow heels and white reflections.

A small structured black chevron-textured bag hangs beside the folded image-left leg. Preserve its small gold YSL-style monogram and fine gold chain rising outside the body and partly behind the arm. Keep the gold chain, silver wraps, and black cords separate. The bag neither enters the low hand nor floats.

Preserve generous asphalt below the pumps; diagonal curb and pale sidewalk above; gray railing; cardboard/white clutter upper-left; cream/brown building elements; dark bags and partial blue denim-like material upper-right. Keep distant details soft but recognizable. Retain the separate cropped hand, red sleeve, black object, and dark foreground form at lower-right without attaching them to the subject or completing another person. No captions or interface marks.

Emulate digital photography near 50mm, angled downward with minimal roll. Match knee and pump scale before changing crop. Use bright open shade, face/glasses focus, and detail through the pumps. No flash or portrait blur.

Use elevated front/camera-left light with natural fill. Preserve warm golden-brown skin, honey-beige hair, neutral gray pavement, deep black clothing, amber lenses, silver hardware, and warmer gold bag details. Maintain readable charcoal folds, soft lower-bodice values, narrow patent highlights, gentle skin texture, and sharper asphalt.

Avoid symmetric squatting, extra/fused limbs, displaced shoes, painted-through eyes, altered hair, merged chains/cords, floating bag geometry, removed clutter or foreground person, wide-angle distortion, hard flash, grain, flare, bloom, or smeared backgrounds. Prioritize pose, contact, materials, and depth.",images/2107521495601725608_0.jpg | images/2107521495601725608_1.jpg | images/2107521495601725608_2.jpg | images/2107521495601725608_3.jpg
2107524464401617124,2026-10-07T01:32:42+08:00,RougeHalo_AI,https://x.com/RougeHalo_AI,https://x.com/RougeHalo_AI/status/2107524464401617124,2,en,post,"ChatGPT / GPT Image 2.5

Create a source-faithful photorealistic vertical recreation at 1017:1272. The supplied photograph controls the subject’s identity, complexion, proportions, hair, outfit, accessories, pose, environment, and finish.

Use an elevated exterior view looking down over a metallic cobalt/royal-blue vintage-style car. Its broad closed hood fills the frame and supports the woman and handbag. Preserve the long hood, seams, contours, circular detail, chrome-trimmed greenish windshield, lighter green interior, roof, mirrors, tall blue panel behind it, and grille with two round headlights cropped at lower-left. Keep branding unresolved.

Pose her sideways: hips toward image-right, torso rising image-left near the windshield, knees bent center-left, shins folded back right. One lower leg overlaps the other; the rear pump is partly hidden while the foreground pump extends farther down-right. Preserve two connected legs, two worn shoes, and credible compression against the hood.

Plant the image-left palm beside the handbag, fingers extending left. Bend the opposite elbow and raise its hand near the chin/lower lip. Retain fine reddish hand linework without inventing text. Preserve pale pointed-almond nails, a broad pale watch-like piece with metallic bracelets, and silver accessories on the planted wrist. Keep fingers, jewelry, and handles separate.

Turn her head and open eyes toward image-right, looking off-camera. Preserve shaped brows, liner, lashes, slightly parted nude-brown lips with deeper edging, warm textured skin, and natural asymmetry. Hair is very long, sleek, straight, center-parted pale blonde with subtle mint-green influence, modest crown volume, and fine strands falling beside the shoulders and behind the torso.

Dress her in a fitted turquoise strapless one-piece/bodysuit. Cover both legs in fine ivory fishnet following curvature, bends, overlap, and perspective. Both shoes are enclosed pointed pumps with slender heels and iridescent silver surfaces reflecting pale green, pink, and gold. Maintain continuous foot-to-shoe anatomy.

Place a structured ivory handbag independently on the lower-left hood. Preserve its rectangular body, upright handles, pale metallic closures, burgundy interior strip, and grounded base. Do not merge handles with fingers.

Retain the covered forecourt: pale posts, circular opening near the image-right post base, pavement, white railings, dark openings, distant red-white checkerboard panels, and small cart/rack forms. Preserve face upper-left of center, hips right of center, folded legs across the hood, shoes rightward, bag lower-left, and grille clipped below.

Emulate high-angle digital photography near 35mm. Match hood width, face scale, leg overlap, shoes, and grille crop together. Use bright covered daylight, face/torso focus, readable materials, and no portrait blur.

Reproduce warm skin illumination and blue/cyan reflected bands following the glossy car curvature. Chrome carries narrow glints; windshield reflections retain interior depth. Keep the car cobalt, garment greener turquoise, hair and glass subtly cool-green, skin warm, fishnet and bag ivory, and red accents localized.

Use mild texture and softness, controlled highlights, and restrained sharpening. Avoid direct gaze, curled hair, erased markings, extra or fused limbs, missing shoes, floating body or bag, fused fingers and handles, opened hood, invented branding or stripes, cyan skin, extreme bokeh, heavy grain, bloom, flare, or oversharpening. Prioritize support, vehicle perspective, and regional color fidelity.",images/2107524464401617124_0.jpg | images/2107524464401617124_1.jpg | images/2107524464401617124_2.jpg
2107636141109153812,2026-10-07T08:56:28+08:00,jackson99ai,https://x.com/jackson99ai,https://x.com/jackson99ai/status/2107636141109153812,1,en,post,"Character: Ana, 38, Brazilian mother, realistic photographic, for an emotional drama TV commercial. Tired warm eyes, light freckles, dark hair in a loose low bun, oversized oatmeal knit cardigan over a white tee, straight-leg jeans, bare feet. Natural daylight, true-to-life skin texture, 35mm photography.",images/2107636141109153812_0.jpg | images/2107636141109153812_1.jpg
2107636549927985231,2026-10-07T08:58:06+08:00,jackson99ai,https://x.com/jackson99ai,https://x.com/jackson99ai/status/2107636549927985231,1,en,post,"Character: Jess, 26, UGC content creator, authentic smartphone-camera realism, no retouching, natural skin texture, blonde balayage hair in a claw clip, beige ribbed lounge set, white socks, small gold hoop earrings. Candid, slightly imperfect lighting as if shot on an iPhone front camera.",images/2107636549927985231_0.jpg | images/2107636549927985231_1.jpg
2107788065334849989,2026-10-07T19:00:10+08:00,LANDCASTER_92,https://x.com/LANDCASTER_92,https://x.com/LANDCASTER_92/status/2107788065334849989,1,en,post,"A confident buxom fashion portrait of a stylish woman posing in front of a vivid pink-and-purple graffiti mural. She has voluminous shoulder-length black curls with a dramatic blonde streak framing one side of her face, oversized rectangular dark-tinted sunglasses, glossy deep-brown lips, long pointed black nails, silver rings, a metallic necklace, and visible floral/ornamental tattoos along both arms and upper chest. She wears a textured black triangle bralette with thin wraparound straps crossing her torso and low-rise faded charcoal jeans. Shot from a slightly low angle, medium-close framing, her raised hand extended toward the camera in a bold, dismissive gesture. Warm golden sunlight, soft skin highlights, shallow depth of field, saturated urban color palette, subtle film grain, glamorous early-2000s hip-hop editorial energy, confident attitude, realistic skin texture, fashion-magazine photography.",images/2107788065334849989_0.jpg
2097418434929705291,2026-09-09T04:14:57+08:00,CharlesUchi_Dev,https://x.com/CharlesUchi_Dev,https://x.com/CharlesUchi_Dev/status/2097418434929705291,0,en,post,"Make a sprite shit, 16-bit style, 32X32 per image, of a crow flying, taking off, and then landing.

used codex to gif out of the sprite sheet",images/2097418434929705291_0.jpg
2097420437743616257,2026-09-09T04:22:55+08:00,RisingSunInt_,https://x.com/RisingSunInt_,https://x.com/RisingSunInt_/status/2097420437743616257,0,en,post,"Create a hairstyle analysis for Tibo, showing 10 different haircuts while preserving his face and identity.

The consistency across every hairstyle is seriously impressive.",images/2097420437743616257_0.jpg
2097500424995848460,2026-09-09T09:40:45+08:00,DeepBlueX0,https://x.com/DeepBlueX0,https://x.com/DeepBlueX0/status/2097500424995848460,0,zh,post,"Create an original artwork inspired by the attached sketch. Preserve its subject, emotion, and gesture—not its exact strokes or shapes. Boldly reimagine its forms, proportions, colors, materials, and details. Never trace or retain the original lines; integrate their ideas naturally through texture, lighting, and color. For simple sketches, invent a richer interpretation. Ask me about preferred artistic style with a few options.",images/2097500424995848460_0.jpg | images/2097500424995848460_1.jpg
2097586617217089607,2026-09-09T15:23:15+08:00,jphilipp,https://x.com/jphilipp,https://x.com/jphilipp/status/2097586617217089607,0,en,alt,"an unsolved rubik's cube in front of a mirror. studio photo, vignette, 1980s look. cinematic",images/2097586617217089607_0.jpg
2097666167238259048,2026-09-09T20:39:21+08:00,PoyoAPI,https://x.com/PoyoAPI,https://x.com/PoyoAPI/status/2097666167238259048,0,en,post,"""Dark SaaS analytics dashboard UI titled Image Ops Control Center, crisp labels Active Jobs Latency p95 Token Burn Model Router, pills LIVE and GPT Image 2.5, dense legible microcopy 4k""

Generated for the flex. GPT Image 2.5 energy.",images/2097666167238259048_0.jpg
2100934751716589688,2026-09-18T21:07:32+08:00,YazanHD12,https://x.com/YazanHD12,https://x.com/YazanHD12/status/2100934751716589688,0,en,alt,"DIRECTIVE:
Produce one still that reads as a real in-car dashcam frame grabbed from a moving car on a highway. Optical dashcam capture, wide windshield view, windshield glass, A-pillar, a slice of dashboard/hood — lived-in dashcam JPEG, not cinema, not HDR.",images/2100934751716589688_0.jpg
2104612578848538819,2026-09-29T00:41:55+08:00,flutterwhat,https://x.com/flutterwhat,https://x.com/flutterwhat/status/2104612578848538819,0,en,alt,"re-render this but as though it's emulated by an art student (scanned on a home printer and done in lower quality oil paints) where the teacher prompted students... ""draw Picasso’s man in a chair upside down.""",images/2104612578848538819_0.jpg
2107483267880615973,2026-10-06T22:49:00+08:00,hardik_lut83675,https://x.com/hardik_lut83675,https://x.com/hardik_lut83675/status/2107483267880615973,0,en,post,"A candid vertical 9:16 photograph taken on a smartphone, showing four young women in their early twenties standing shoulder to shoulder and leaning in close for a group photo on an open terrace in a Himalayan hill town, on a bright, crisp winter morning. The photo is shot from a slightly low angle, so the deep blue sky takes up roughly the top 45% of the frame, and the four girls fill the lower half, cropped around mid-thigh. A tiny dark bird is flying in the upper part of the empty sky. Behind them, snow-dusted mountain peaks run across the horizon, with dark green pine-covered slopes rolling down on both sides. A traditional wooden-roofed building with slanted brown-grey roofs sits at the left edge of the background, and a cream-white multi-storey hotel building is visible far behind on the right. In the lower left behind the group there is a bright turquoise-painted metal railing, plus a dark railing running across the foreground edge.

The four girls are huddled tightly together, heads gently tilted toward each other, bodies overlapping slightly, shoulders touching, with the relaxed, affectionate body language of close friends on a trip.

From left to right:

1. First girl, far left: long, straight dark brown hair worn loose, slightly wind-tousled. She wears a long, heavy black coat that reaches down to her calves, over a dark inner layer. Her head is tilted slightly toward the girl beside her, with a soft, shy smile, looking toward the camera. Her body is half-hidden behind the second girl.

2. Second girl: dark hair tied up in a small, messy high bun or ponytail with a dark red-pink hair tie on top, and round thin-framed glasses. She wears an oversized charcoal-black sweatshirt with a large blocky pink-red graphic print across the chest, and a long, flowy black maxi skirt. She is looking slightly downward, not directly at the camera, caught mid-moment. One hand is held low, holding a dark smartphone in a dark case, and her other hand is raised gently near the shoulder of the girl next to her.

3. Third girl: long, straight dark brown hair falling past her shoulders, with a few loose strands across her face. She wears a thick, fuzzy sherpa-style fleece jacket in a muted sage-beige olive shade, zipped up, over light blue-grey, faded wide-leg baggy jeans. Her head is tilted, and she gives a calm, soft smile at the camera. One hand is raised near her shoulder in a small casual peace sign.

4. Fourth girl, far right, partly cropped by the right edge of the frame: this is the main character, leaning in toward the group with her head tilted slightly toward the others, a warm natural smile, and her eyes looking straight into the lens. Her long black hair falls loose over her shoulders. She wears an oversized, slouchy pale mint-green sweatshirt with dropped shoulders, and wide, loose dark chocolate-brown sweatpants with a small white logo on the hip. A hand is raised near her chin in a small playful peace sign.

The three generated girls should look like different, distinct, believable young South Asian women, each with her own face shape, skin tone, and natural features, none of them resembling each other or the main character.

Lighting: strong, direct late-morning winter sunlight coming from high above and slightly in front of the group, giving bright, slightly overexposed highlights on the sweatshirts and clear blue sky, with soft natural shadows under the chins and noses. The skin tones are warm and true to life under cold mountain air. Slight contrast, a bit of natural sensor noise, and the faintly imperfect exposure of a real phone photo.

Look and feel: an unedited, candid travel photo straight from a phone camera, with a wide-ish lens look (around 24mm equivalent), deep depth of field, and everything from the girls to the distant mountains in sharp focus, with no artificial background blur. Natural skin texture with visible pores, fine baby hairs, small flyaway strands, and slight natural unevenness in skin tone. No retouching, no smoothing, no glossy skin, no beauty filter, no studio polish. Fabric textures are realistic: visible fuzz on the fleece, soft cotton folds on the sweatshirts, heavy wool weave on the black coat. The overall mood is a warm, nostalgic, spontaneous memory from a mountain trip with friends.",images/2107483267880615973_0.jpg
2107527135888040146,2026-10-07T01:43:19+08:00,aivoxyy,https://x.com/aivoxyy,https://x.com/aivoxyy/status/2107527135888040146,0,en,post,"A three-quarter, mid-length editorial photograph captures a 20-year-old Asian woman seated at a small round table inside a trendy coffee shop. She wears a fitted cream knit sweater and tailored denim jeans. Her glossy, straight black hair frames her face, and her expression is thoughtful as she gazes slightly off-camera, her hands gently resting around a white porcelain cup displaying the black serif print text 'Flat White.' The tabletop is scattered with an open laptop, a phone, and a tan leather notebook with the embossed word 'PLANNER' in all caps. Behind her, exposed-brick walls are partially covered with trailing pothos plants in chunky ceramic pots and handwritten chalkboard menus reading, 'Today's Specials' and 'Single Origin Pour-Over.' Warm light streams from oversized windows to the right, creating soft highlights and subtle, diffuse shadows that contour her form and fixtures. The color palette balances muted earth tones, cream, burnt orange, and leafy green, set against industrial concrete finishes. The image was shot on a high-resolution mirrorless camera, evident from the creamy bokeh in the background and deep, realistic color rendition. The overall mood is cozy, modern, and relaxed.",images/2107527135888040146_0.jpg | images/2107527135888040146_1.jpg
2107635724480610563,2026-10-07T08:54:49+08:00,jackson99ai,https://x.com/jackson99ai,https://x.com/jackson99ai/status/2107635724480610563,0,en,post,"Wide 16:9 character model sheet in HEADLESS TURNAROUND layout. Left third: ONE large front-facing face close-up, neutral expression, even soft light, the only face on the sheet. Right two thirds: full-body turnaround of the same outfit, front, back and side views at identical scale in a neutral standing pose, every body view HEADLESS (cropped at the neck) so the sheet contains exactly one face. Flat neutral light-grey studio background, no text, no labels, no story action.",images/2107635724480610563_0.jpg | images/2107635724480610563_1.jpg
2107748080745656707,2026-10-07T16:21:17+08:00,lipsticksplus,https://x.com/lipsticksplus,https://x.com/lipsticksplus/status/2107748080745656707,0,en,alt,"100% character consistency. Full-body studio photoshoot of a female model wearing an elegant red velvet dress. She has smooth straight hair with a slight natural wave, standing in a relaxed pose with her weight on the back leg and ankles crossed. She wears an alluring half-smile. Soft main light from the front with a subtle rim light outlining her figure, while fine dust particles gently reflect the light. Shot with a 70mm cinematic lens and vibrant color grading. Charming, exquisite, and elegant atmosphere. Emphasize the rich, luxurious texture and fine details of the velvet fabric.",images/2107748080745656707_0.jpg
2107920970367344929,2026-10-08T03:48:17+08:00,LANDCASTER_92,https://x.com/LANDCASTER_92,https://x.com/LANDCASTER_92/status/2107920970367344929,0,en,post,"A moody fine-art interior portrait of a young woman with long auburn curls standing beside a tall window in an ornate Victorian room. She wears a floor-length teal dress covered in intricate antique-gold botanical patterns, blending elegantly with the richly decorated surroundings. The walls are wrapped in dense burnt-orange and rust floral wallpaper with teal accents, framed by dark teal wood trim. A small classical landscape painting in an elaborate carved gold frame hangs behind her. In the foreground, a fluffy black cat with glowing amber eyes sits on a richly patterned teal-and-rust rug. A large dark tropical palm fills the right side beside a decorative ceramic vase. Warm low window light, deep chiaroscuro shadows, subdued jewel tones, Pre-Raphaelite mood, old-world romanticism, painterly texture, intimate cinematic composition, mysterious and slightly gothic atmosphere.",images/2107920970367344929_0.jpg
2107938614105776288,2026-10-08T04:58:23+08:00,lipsticksplus,https://x.com/lipsticksplus,https://x.com/lipsticksplus/status/2107938614105776288,0,en,alt,"Ultra-realistic portrait photography, young adult standing on a classic European-style balcony overlooking elegant city buildings, long dark wavy hair tied in a high ponytail, white sleeveless fitted crop top, light blue distressed denim shorts, natural pose facing camera, highly detailed facial features, clear skin, professional fashion photography, soft golden-hour daylight, shallow depth of field, cinematic bokeh, realistic textures, elegant urban architecture in background, black wrought-iron railing with flowers nearby, photorealistic, sharp focus, HDR, 85mm lens, f/1.8, natural colors, magazine-quality image, full-body composition, high detail, 8k resolution.",images/2107938614105776288_0.jpg | images/2107938614105776288_1.jpg
2107950020498764049,2026-10-08T05:43:43+08:00,lipsticksplus,https://x.com/lipsticksplus,https://x.com/lipsticksplus/status/2107950020498764049,0,en,alt,"Elegant fine-art portrait of a person seated beside a rustic wooden window in a vintage interior, wearing a flowing cream embroidered traditional outfit with delicate floral details and a soft translucent shawl. Long dark hair styled in a loose ponytail with natural strands framing the face, subtle gold earrings, gentle natural pose, looking toward the camera. Warm afternoon sunlight streaming through the window, soft cinematic lighting, shallow depth of field, dreamy atmosphere, vintage wooden furniture, vase of pastel flowers on a table, painterly textures, rich fabric details, realistic skin texture, professional portrait photography, harmonious color palette, ultra-detailed, high realism, volumetric light, bokeh background, 85mm lens, f/1.8, masterpiece quality, sharp focus on face, natural colors, photorealistic, 8k.
 
Negative prompt: low quality, blurry, oversaturated colors, harsh shadows, distorted anatomy, extra fingers, duplicate features, bad hands, watermark, logo, text,",images/2107950020498764049_0.jpg | images/2107950020498764049_1.jpg
2108036805685916084,2026-10-08T11:28:34+08:00,maxoneEsix,https://x.com/maxoneEsix,https://x.com/maxoneEsix/status/2108036805685916084,0,en,post,"“Show me the architecture of the new JP Morgan building in Manhattan in the style of Stephen Biesty's Incredible Cross-Sections . Make sure you are just as closely detailed as those images are.""

Left is Google, right is GPT",images/2108036805685916084_0.jpg | images/2108036805685916084_1.jpg
2108069906407383081,2026-10-08T13:40:06+08:00,DeepBlueX0,https://x.com/DeepBlueX0,https://x.com/DeepBlueX0/status/2108069906407383081,0,zh,post,【主体】 × 新兴木刻版画 × 极简黑白块面 × 干净留白,images/2108069906407383081_0.jpg | images/2108069906407383081_1.jpg | images/2108069906407383081_2.jpg | images/2108069906407383081_3.jpg
2108073045315510274,2026-10-08T13:52:34+08:00,imGopalTiwari,https://x.com/imGopalTiwari,https://x.com/imGopalTiwari/status/2108073045315510274,0,en,post,"Hyper-realistic IMAX-level Netflix-style cinematic coastal couple portrait, 9:16 vertical. Use the uploaded female and male character reference sheets as the primary identity references and preserve each character’s exact facial identity, facial proportions, defining facial features, hairstyle, hair colour, natural body proportions, and overall appearance consistently throughout the image. Create the same couple sharing a playful, affectionate and completely natural summer moment together in the shallow seawater of a secluded rocky coastal cove. The woman wears a simple elegant white one-piece swimsuit, while the man wears a plain black short-sleeve T-shirt and dark casual shorts. Compose the couple so their entire lower-body anatomy is clearly readable and physically coherent. The woman is reclining sideways in the shallow water with her upper back and shoulders supported naturally by the water and smooth submerged rocks, her head positioned toward the left side of the frame, face turned upward toward the man, with a relaxed playful smile. Her damp light-brown hair spreads naturally across the wet rock and water behind her head, with individual water-darkened strands around her neck and shoulders. Her two legs must be completely separate, anatomically continuous and clearly traceable from hip to foot. Her first leg is bent naturally at the knee and raised beside the man, with the thigh emerging clearly from her hip, the knee fully defined, the calf continuing naturally upward behind and slightly beside the man, followed by a clearly visible ankle and bare foot; the entire raised lower leg must remain visually connected and must never appear to emerge from the man's shoulder or torso. Her second leg remains independently bent in front of and slightly below the first leg, with its own clearly visible thigh, knee and lower leg continuing naturally into the shallow water; this second leg is partially submerged but its anatomical direction remains understandable. Keep both knees distinct and spatially separated, with no crossing or merging of the legs. Do not hide either knee behind the man's body. The man is seated or kneeling naturally opposite her in the shallow water, both knees bent and positioned independently, torso leaning slightly toward her. He gently supports the calf/shin portion of her raised leg with both hands, with anatomically correct hand placement and believable contact, while keeping his torso completely separate from the leg. His arms, hands, elbows and shoulders must remain anatomically connected to his body. His other body parts must never overlap or visually merge with her legs. He looks down toward her with a genuine, relaxed smile and natural eye contact, creating an affectionate, candid beach interaction rather than a posed studio composition. His short dark hair is naturally tousled, slightly wet and textured, with realistic individual strands. Preserve realistic facial structure, natural skin texture and believable body proportions for both characters, with luminous fair skin tones, subtle natural complexion variation, realistic wet-skin texture and small water droplets across their exposed skin. Surround them with towering pale cream limestone cliffs forming a secluded coastal cove, vivid turquoise and aqua seawater behind them, shallow transparent waves flowing naturally around their bodies and spreading across the foreground, wet dark rocks partially visible beneath the water, and bright open blue sky visible above the cliffs. Warm natural sunlight enters from the upper center behind the cliffs, producing delicate rim lighting around their hair and shoulders, sparkling reflections across the moving water, subtle highlights on wet skin, and bright illuminated foam in the foreground. Use cinematic coastal colour grading with turquoise and aqua water, warm cream limestone cliffs, natural skin tones, slightly warm white balance, luminous highlights, gentle directional shadows, moderate cinematic contrast, subtle film grain, soft atmospheric depth and a clean sunlit summer look. Preserve realistic water movement, transparent shallow-water depth, individual foam bubbles, wet-rock reflections and physically accurate interaction between skin, clothing and water. Position the camera at low water level, slightly above the surface but far enough away to avoid extreme perspective distortion of the woman's foreground leg, using a medium-wide cinematic composition that clearly captures both faces, both complete leg structures, the man's supporting hands, their coordinated body positions and the surrounding coastal environment. Keep the woman's raised leg within the same perspective scale as her body; do not enlarge the foreground thigh or knee disproportionately. Maintain clear visual separation between every limb and torso. Use natural perspective, realistic lens rendering, subtle background separation, highly detailed water droplets and fabric texture, photorealistic anatomy, physically accurate joints, realistic hands and feet, premium cinematic photography, IMAX-scale environmental detail, 60mm cinematic lens look, natural depth of field, high dynamic range, ultra-detailed 8K realism. Anatomical priority: every limb must have one continuous believable connection from its origin to its extremity; both legs must be visibly distinguishable; both knees, ankles and feet must correspond to the correct legs; no limb may disappear behind another body part and reappear somewhere else; no floating feet, disconnected calves, duplicated legs, merged thighs, hidden joints, impossible bends or ambiguous limb connections. Negative prompt: changed identity, inconsistent facial features, incorrect hairstyle, incorrect clothing, distorted face, bad anatomy, disproportionate limbs, oversized foreground leg, duplicated legs, missing leg, wrong legs, extra leg, merged legs, fused thighs, disconnected thigh, disconnected calf, floating foot, floating limb, missing knee, hidden knee, duplicated knee, impossible knee bend, twisted leg, reversed leg, broken ankle, distorted feet, unnatural leg angle, limb emerging from torso, limb emerging from shoulder, limb passing through body, overlapping limbs, fused body parts, extra arms, missing arms, malformed hands, extra fingers, unrealistic hand placement, floating body parts, unnatural body connection, incorrect water interaction, plastic skin, excessive retouching, oversaturated colours, flat lighting, text, logo, watermark.",images/2108073045315510274_0.jpg
